code,isin,exchange,name,vehicle_type,sector,currency,market_cap,nta_total,nta_basis,nta_per_share,nta_unit,price,discount,discount_basis,nta_date,as_of,source,source_url
8IH,,ASX,8I Holdings Ltd,LIC,unknown,AUD,4179999.9999999995,,published_nta,0.0428,declared_major,0.012,-0.719626168224299,published,2026-05-29,2026-05-29,asx-investment-products-monthly,http://local/investment-products-monthly-asxmonthly.xlsx
ACQ,,ASX,Acorn Capital Investment Fund Limited,LIC,equity,AUD,79330000.0,,published_nta,1.164,declared_major,0.935,-0.1967353951890033,published,2026-05-29,2026-05-29,asx-investment-products-monthly,http://local/investment-products-monthly-asxmonthly.xlsx
AFI,,ASX,Australian Foundation Investment Company Limited,LIC,equity,AUD,8711340000.0,,published_nta,7.76,declared_major,6.55,-0.1559278350515464,published,2026-05-29,2026-05-29,asx-investment-products-monthly,http://local/investment-products-monthly-asxmonthly.xlsx
AIQ,,ASX,Alternative Investment Trust,LIT,hedge_multi_asset,AUD,86180000.0,,published_nta,1.4892,declared_major,1.38,-0.07332796132151498,published,2026-05-29,2026-05-29,asx-investment-products-monthly,http://local/investment-products-monthly-asxmonthly.xlsx
ALI,,ASX,Argo Global Listed Infrastructure Limited,LIC,infrastructure,AUD,491700000.0,,published_nta,2.61,declared_major,2.49,-0.045977011494252706,published,2026-05-29,2026-05-29,asx-investment-products-monthly,http://local/investment-products-monthly-asxmonthly.xlsx
AMH,,ASX,AMCIL Limited,LIC,equity,AUD,283070000.0,,published_nta,1.05,declared_major,0.9,-0.1428571428571429,published,2026-05-29,2026-05-29,asx-investment-products-monthly,http://local/investment-products-monthly-asxmonthly.xlsx
ARG,,ASX,Argo Investments Limited,LIC,equity,AUD,6990200000.0,,published_nta,10.59,declared_major,8.94,-0.15580736543909357,published,2026-05-29,2026-05-29,asx-investment-products-monthly,http://local/investment-products-monthly-asxmonthly.xlsx
AUI,,ASX,Australian United Investment Company Limited,LIC,equity,AUD,2443200000.0,,published_nta,13.46,declared_major,10.97,-0.1849925705794948,published,2026-05-29,2026-05-29,asx-investment-products-monthly,http://local/investment-products-monthly-asxmonthly.xlsx
BEL,,ASX,Bentley Capital Limited,LIC,equity,AUD,840000.0,,published_nta,0.0099,declared_major,0.013000000000000001,0.31313131313131315,published,2026-05-29,2026-05-29,asx-investment-products-monthly,http://local/investment-products-monthly-asxmonthly.xlsx
BHD,,ASX,Benjamin Hornigold Limited,LIC,equity,AUD,4350000.0,,published_nta,0.2526,declared_major,0.17,-0.32699920823436257,published,2026-05-29,2026-05-29,asx-investment-products-monthly,http://local/investment-products-monthly-asxmonthly.xlsx
BKI,,ASX,BKI Investment Company Limited,LIC,equity,AUD,1473020000.0,,published_nta,2.04,declared_major,1.78,-0.12745098039215685,published,2026-05-29,2026-05-29,asx-investment-products-monthly,http://local/investment-products-monthly-asxmonthly.xlsx
BTI,,ASX,Bailador Technology Investments Limited,LIC,equity,AUD,140610000.0,,published_nta,1.7,declared_major,0.96,-0.43529411764705883,published,2026-05-29,2026-05-29,asx-investment-products-monthly,http://local/investment-products-monthly-asxmonthly.xlsx
CAM,,ASX,Clime Capital Limited,LIC,equity,AUD,96730000.0,,published_nta,0.805,declared_major,0.7,-0.1304347826086958,published,2026-05-29,2026-05-29,asx-investment-products-monthly,http://local/investment-products-monthly-asxmonthly.xlsx
CD1,,ASX,Cd Private Equity Fund I,LIC,private_equity,AUD,11700000.0,,published_nta,0.59,declared_major,0.33,-0.44067796610169485,published,2026-05-29,2026-05-29,asx-investment-products-monthly,http://local/investment-products-monthly-asxmonthly.xlsx
CD2,,ASX,Cd Private Equity Fund II,LIC,private_equity,AUD,17320000.0,,published_nta,0.6,declared_major,0.365,-0.3916666666666666,published,2026-05-29,2026-05-29,asx-investment-products-monthly,http://local/investment-products-monthly-asxmonthly.xlsx
CD3,,ASX,Cd Private Equity Fund III,LIC,private_equity,AUD,63020000.0,,published_nta,1.52,declared_major,0.9,-0.4078947368421053,published,2026-05-29,2026-05-29,asx-investment-products-monthly,http://local/investment-products-monthly-asxmonthly.xlsx
CDM,,ASX,Cadence Capital Limited,LIC,equity,AUD,224370000.0,,published_nta,0.876,declared_major,0.765,-0.12671232876712324,published,2026-05-29,2026-05-29,asx-investment-products-monthly,http://local/investment-products-monthly-asxmonthly.xlsx
CDO,,ASX,Cadence Opportunities Fund Limited,LIC,equity,AUD,34550000.0,,published_nta,2.316,declared_major,2.17,-0.06303972366148525,published,2026-05-29,2026-05-29,asx-investment-products-monthly,http://local/investment-products-monthly-asxmonthly.xlsx
CIN,,ASX,Carlton Investments Limited,LIC,equity,AUD,915500000.0,,published_nta,45.19,declared_major,32.9,-0.2719628236335473,published,2026-05-29,2026-05-29,asx-investment-products-monthly,http://local/investment-products-monthly-asxmonthly.xlsx
DJW,,ASX,Djerriwarrh Investments Limited,LIC,equity,AUD,739480000.0,,published_nta,3.14,declared_major,2.8,-0.10828025477707015,published,2026-05-29,2026-05-29,asx-investment-products-monthly,http://local/investment-products-monthly-asxmonthly.xlsx
DN1,,ASX,Dominion Income Trust 1,LIT,debt,AUD,341790000.0,,published_nta,100.17,declared_major,101.7,0.0011979634621144264,published,2026-05-29,2026-05-29,asx-investment-products-monthly,http://local/investment-products-monthly-asxmonthly.xlsx
ECL,,ASX,Excelsior Capital Ltd,LIC,equity,AUD,25950000.0,,published_nta,0.9572,declared_major,0.895,-0.0649811951525282,published,2026-05-29,2026-05-29,asx-investment-products-monthly,http://local/investment-products-monthly-asxmonthly.xlsx
ECP,,ASX,ECP Emerging Growth Limited,LIC,equity,AUD,12300000.0,,published_nta,1.02,declared_major,0.78,-0.23529411764705876,published,2026-05-29,2026-05-29,asx-investment-products-monthly,http://local/investment-products-monthly-asxmonthly.xlsx
FGG,,ASX,Future Generation Global Limited,LIC,equity,AUD,677560000.0,,published_nta,1.721,declared_major,1.65,-0.041255084253341234,published,2026-05-29,2026-05-29,asx-investment-products-monthly,http://local/investment-products-monthly-asxmonthly.xlsx
FGX,,ASX,Future Generation Australia Limited,LIC,equity,AUD,556020000.0,,published_nta,1.3924,declared_major,1.325,-0.04840563056592939,published,2026-05-29,2026-05-29,asx-investment-products-monthly,http://local/investment-products-monthly-asxmonthly.xlsx
FPC,,ASX,Fat Prophets Global Contrarian Fund Ltd,LIC,equity,AUD,42190000.0,,published_nta,1.8485,declared_major,1.41,-0.2372193670543684,published,2026-05-29,2026-05-29,asx-investment-products-monthly,http://local/investment-products-monthly-asxmonthly.xlsx
FSI,,ASX,Flagship Investments Limited,LIC,equity,AUD,30770000.0,,published_nta,1.535,declared_major,1.27,-0.17263843648208466,published,2026-05-29,2026-05-29,asx-investment-products-monthly,http://local/investment-products-monthly-asxmonthly.xlsx
GC1,,ASX,Glennon Small Companies Limited,LIC,small_cap_equity,AUD,18990000.0,,published_nta,0.72,declared_major,0.415,-0.42361111111111116,published,2026-05-29,2026-05-29,asx-investment-products-monthly,http://local/investment-products-monthly-asxmonthly.xlsx
GCI,,ASX,Gryphon Capital Income Trust,LIT,debt,AUD,1316420000.0,,published_nta,2.0186,declared_major,2.05,0.015555335380956992,published,2026-05-29,2026-05-29,asx-investment-products-monthly,http://local/investment-products-monthly-asxmonthly.xlsx
GFL,,ASX,Global Masters Fund Limited,LIC,equity,AUD,32500000.0,,published_nta,4.189,declared_major,2.8,-0.331582716638816,published,2026-05-29,2026-05-29,asx-investment-products-monthly,http://local/investment-products-monthly-asxmonthly.xlsx
GLS,,ASX,L1 Global Long Short Fund Limited,LIC,hedge_multi_asset,AUD,1095320000.0,,published_nta,1.69,declared_major,1.71,0.01183431952662728,published,2026-05-29,2026-05-29,asx-investment-products-monthly,http://local/investment-products-monthly-asxmonthly.xlsx
GVF,,ASX,Staude Capital Global Value Fund Limited,LIC,equity,AUD,270620000.0,,published_nta,1.2956,declared_major,1.32,0.01883297313985799,published,2026-05-29,2026-05-29,asx-investment-products-monthly,http://local/investment-products-monthly-asxmonthly.xlsx
HCF,,ASX,H&G High Conviction Limited,LIC,equity,AUD,520000.0,,,,,0.03,,,2026-05-29,2026-05-29,asx-investment-products-monthly,http://local/investment-products-monthly-asxmonthly.xlsx
HM1,,ASX,Hearts and Minds Investments Limited,LIC,equity,AUD,675500000.0,,published_nta,3.52,declared_major,2.85,-0.19034090909090906,published,2026-05-29,2026-05-29,asx-investment-products-monthly,http://local/investment-products-monthly-asxmonthly.xlsx
IBC,,ASX,Ironbark Capital Limited,LIC,equity,AUD,42850000.0,,published_nta,0.578,declared_major,0.44,-0.23875432525951557,published,2026-05-29,2026-05-29,asx-investment-products-monthly,http://local/investment-products-monthly-asxmonthly.xlsx
KAT,,ASX,Katana Capital Limited,LIC,equity,AUD,44090000.0,,published_nta,1.576,declared_major,1.34,-0.14974619289340096,published,2026-05-29,2026-05-29,asx-investment-products-monthly,http://local/investment-products-monthly-asxmonthly.xlsx
KIT,,ASX,Kapstream Investment Trust,LIT,unknown,AUD,196800000.0,,published_nta,2.0047,declared_major,1.94,-0.032274155734025145,published,2026-05-29,2026-05-29,asx-investment-products-monthly,http://local/investment-products-monthly-asxmonthly.xlsx
KKC,,ASX,KKR Credit Income Fund,LIC,debt,AUD,657970000.0,,published_nta,2.3236,declared_major,2.06,-0.1134446548459287,published,2026-05-29,2026-05-29,asx-investment-products-monthly,http://local/investment-products-monthly-asxmonthly.xlsx
LF1,,ASX,La Trobe Private Credit Fund,LIC,debt,AUD,252030000.0,,published_nta,1.97,declared_major,1.91,-0.030456852791878153,published,2026-05-29,2026-05-29,asx-investment-products-monthly,http://local/investment-products-monthly-asxmonthly.xlsx
LGF,,ASX,L1 Gold Fund Limited,LIC,equity,AUD,817000000.0,,published_nta,1.8254,declared_major,2.02,0.1066067711186589,published,2026-05-29,2026-05-29,asx-investment-products-monthly,http://local/investment-products-monthly-asxmonthly.xlsx
LRT,,ASX,Lowell Resources Fund,LIC,unknown,AUD,102650000.0,,published_nta,2.7184,declared_major,2.34,-0.13919952913478517,published,2026-05-29,2026-05-29,asx-investment-products-monthly,http://local/investment-products-monthly-asxmonthly.xlsx
LSF,,ASX,L1 Long Short Fund Limited,LIC,hedge_multi_asset,AUD,2995640000.0,,published_nta,4.3778,declared_major,4.49,0.025629311526337517,published,2026-05-29,2026-05-29,asx-investment-products-monthly,http://local/investment-products-monthly-asxmonthly.xlsx
LSX,,ASX,Lion Selection Group Limited,LIC,equity,AUD,114600000.0,,published_nta,1.116,declared_major,0.865,-0.22491039426523307,published,2026-05-29,2026-05-29,asx-investment-products-monthly,http://local/investment-products-monthly-asxmonthly.xlsx
MA1,,ASX,MA Credit Income Trust,LIT,debt,AUD,559300000.0,,,,,,-0.0050000000000000044,published,2026-05-29,2026-05-29,asx-investment-products-monthly,http://local/investment-products-monthly-asxmonthly.xlsx
MEC,,ASX,Morphic Ethical Equities Fund Limited,LIC,equity,AUD,40620000.0,,published_nta,1.5624,declared_major,1.295,-0.17114695340501795,published,2026-05-29,2026-05-29,asx-investment-products-monthly,http://local/investment-products-monthly-asxmonthly.xlsx
MFF,,ASX,MFF Capital Investments Limited,LIC,equity,AUD,3000980000.0,,published_nta,4.811,declared_major,4.91,0.02057784244439831,published,2026-05-29,2026-05-29,asx-investment-products-monthly,http://local/investment-products-monthly-asxmonthly.xlsx
MIR,,ASX,Mirrabooka Investments Limited,LIC,equity,AUD,552930000.0,,published_nta,2.76,declared_major,2.44,-0.1159420289855072,published,2026-05-29,2026-05-29,asx-investment-products-monthly,http://local/investment-products-monthly-asxmonthly.xlsx
MOT,,ASX,Metrics Income Opportunities Trust,LIT,debt,AUD,549020000.0,,published_nta,2.1615,declared_major,1.73,-0.19962988665278747,published,2026-05-29,2026-05-29,asx-investment-products-monthly,http://local/investment-products-monthly-asxmonthly.xlsx
MRE,,ASX,Metrics Real Estate Multi-Strategy Fund,LIC,property,AUD,280120000.0,,published_nta,2.4886,declared_major,1.94,-0.22044523024993967,published,2026-05-29,2026-05-29,asx-investment-products-monthly,http://local/investment-products-monthly-asxmonthly.xlsx
MXT,,ASX,Metrics Master Income Trust,LIT,debt,AUD,2340860000.0,,published_nta,2.0148,declared_major,1.92,-0.04705181655747481,published,2026-05-29,2026-05-29,asx-investment-products-monthly,http://local/investment-products-monthly-asxmonthly.xlsx
NAC,,ASX,Naos Ex-50 Opportunities Company Limited,LIC,equity,AUD,23130000.0,,published_nta,0.57,declared_major,0.57,0.0,published,2026-05-29,2026-05-29,asx-investment-products-monthly,http://local/investment-products-monthly-asxmonthly.xlsx
NCC,,ASX,Naos Emerging Opportunities Company Limited,LIC,equity,AUD,27310000.0,,published_nta,0.43,declared_major,0.4,-0.06976744186046502,published,2026-05-29,2026-05-29,asx-investment-products-monthly,http://local/investment-products-monthly-asxmonthly.xlsx
NGE,,ASX,NGE Capital Limited,LIC,equity,AUD,41200000.0,,published_nta,1.623,declared_major,1.26,-0.22365988909426981,published,2026-05-29,2026-05-29,asx-investment-products-monthly,http://local/investment-products-monthly-asxmonthly.xlsx
NSC,,ASX,Naos Small Cap Opportunities Company Limited,LIC,small_cap_equity,AUD,42900000.0,,published_nta,0.29,declared_major,0.32,0.10344827586206917,published,2026-05-29,2026-05-29,asx-investment-products-monthly,http://local/investment-products-monthly-asxmonthly.xlsx
OEQ,,ASX,Orion Equities Limited,LIC,equity,AUD,3210000.0,,published_nta,0.4101,declared_major,0.19,-0.5366983662521336,published,2026-05-29,2026-05-29,asx-investment-products-monthly,http://local/investment-products-monthly-asxmonthly.xlsx
OPH,,ASX,Ophir High Conviction Fund,LIC,unknown,AUD,554170000.0,,published_nta,3.1142,declared_major,2.69,-0.13621475820435425,published,2026-05-29,2026-05-29,asx-investment-products-monthly,http://local/investment-products-monthly-asxmonthly.xlsx
PCI,,ASX,Perpetual Credit Income Trust,LIT,debt,AUD,797050000.0,,published_nta,1.096,declared_major,1.085,-0.010036496350365076,published,2026-05-29,2026-05-29,asx-investment-products-monthly,http://local/investment-products-monthly-asxmonthly.xlsx
PCX,,ASX,Pengana Global Private Credit Trust,LIT,debt,AUD,226550000.0,,published_nta,1.9819,declared_major,1.995,0.006609818860689343,published,2026-05-29,2026-05-29,asx-investment-products-monthly,http://local/investment-products-monthly-asxmonthly.xlsx
PE1,,ASX,Pengana Private Equity Trust,LIT,private_equity,AUD,412120000.0,,published_nta,1.628,declared_major,1.87,0.14864864864864868,published,2026-05-29,2026-05-29,asx-investment-products-monthly,http://local/investment-products-monthly-asxmonthly.xlsx
PGF,,ASX,PM Capital Global Opportunities Fund Limited,LIC,equity,AUD,1537500000.0,,published_nta,2.857,declared_major,2.96,0.03605180259012952,published,2026-05-29,2026-05-29,asx-investment-products-monthly,http://local/investment-products-monthly-asxmonthly.xlsx
PIA,,ASX,Pengana International Equities Limited,LIC,equity,AUD,335370000.0,,published_nta,1.35,declared_major,1.26,-0.06666666666666676,published,2026-05-29,2026-05-29,asx-investment-products-monthly,http://local/investment-products-monthly-asxmonthly.xlsx
PIC,,ASX,Perpetual Equity Investment Company Limited,LIC,equity,AUD,454610000.0,,published_nta,1.201,declared_major,1.2,-0.0008326394671108739,published,2026-05-29,2026-05-29,asx-investment-products-monthly,http://local/investment-products-monthly-asxmonthly.xlsx
PL8,,ASX,Plato Income Maximiser Limited,LIC,debt,AUD,1025630000.0000001,,published_nta,1.145,declared_major,1.39,0.2139737991266375,published,2026-05-29,2026-05-29,asx-investment-products-monthly,http://local/investment-products-monthly-asxmonthly.xlsx
REV,,ASX,Revolution Private Credit Income Trust,LIT,debt,AUD,457960000.0,,published_nta,2.0008,declared_major,1.985,-0.007896841263494547,published,2026-05-29,2026-05-29,asx-investment-products-monthly,http://local/investment-products-monthly-asxmonthly.xlsx
RF1,,ASX,Regal Investment Fund,LIC,unknown,AUD,716200000.0,,published_nta,3.72,declared_major,3.39,-0.08870967741935487,published,2026-05-29,2026-05-29,asx-investment-products-monthly,http://local/investment-products-monthly-asxmonthly.xlsx
RG1,,ASX,Regal Partners Global Investments Limited,LIC,equity,AUD,560890000.0,,published_nta,2.59,declared_major,2.35,-0.09266409266409259,published,2026-05-29,2026-05-29,asx-investment-products-monthly,http://local/investment-products-monthly-asxmonthly.xlsx
RG8,,ASX,Regal Asian Investments Limited,LIC,equity,AUD,390690000.0,,published_nta,3.31,declared_major,2.91,-0.12084592145015105,published,2026-05-29,2026-05-29,asx-investment-products-monthly,http://local/investment-products-monthly-asxmonthly.xlsx
RYD,,ASX,Ryder Capital Limited,LIC,equity,AUD,139350000.0,,published_nta,1.9023,declared_major,1.86,-0.022236240340640312,published,2026-05-29,2026-05-29,asx-investment-products-monthly,http://local/investment-products-monthly-asxmonthly.xlsx
SB2,,ASX,Salter Brothers Emerging Companies Limited,LIC,small_cap_equity,AUD,48770000.0,,published_nta,0.813,declared_major,0.58,-0.2865928659286593,published,2026-05-29,2026-05-29,asx-investment-products-monthly,http://local/investment-products-monthly-asxmonthly.xlsx
SEC,,ASX,Spheria Emerging Companies Limited,LIC,small_cap_equity,AUD,137860000.0,,published_nta,2.271,declared_major,2.33,0.025979744605900468,published,2026-05-29,2026-05-29,asx-investment-products-monthly,http://local/investment-products-monthly-asxmonthly.xlsx
SET,,ASX,Solaris Australian Equity Income Plus Limited,LIC,debt,AUD,200640000.0,,published_nta,1.991,declared_major,2.16,0.08488196885986943,published,2026-05-29,2026-05-29,asx-investment-products-monthly,http://local/investment-products-monthly-asxmonthly.xlsx
SNC,,ASX,Sandon Capital Investments Limited,LIC,equity,AUD,111380000.0,,published_nta,0.7653,declared_major,0.78,0.01920815366522932,published,2026-05-29,2026-05-29,asx-investment-products-monthly,http://local/investment-products-monthly-asxmonthly.xlsx
TCF,,ASX,360 Capital Mortgage REIT,LIC,debt,AUD,51470000.0,,published_nta,5.948,declared_major,5.8,-0.02488231338264968,published,2026-05-29,2026-05-29,asx-investment-products-monthly,http://local/investment-products-monthly-asxmonthly.xlsx
TEK,,ASX,Thorney Technologies Ltd,LIC,equity,AUD,32990000.000000004,,published_nta,0.221,declared_major,0.093,-0.5791855203619909,published,2026-05-29,2026-05-29,asx-investment-products-monthly,http://local/investment-products-monthly-asxmonthly.xlsx
TGF,,ASX,Tribeca Global Natural Resources Limited,LIC,equity,AUD,191600000.0,,published_nta,3.6933,declared_major,2.82,-0.236455202664284,published,2026-05-29,2026-05-29,asx-investment-products-monthly,http://local/investment-products-monthly-asxmonthly.xlsx
TOP,,ASX,Thorney Opportunities Ltd,LIC,equity,AUD,92600000.0,,published_nta,0.928,declared_major,0.54,-0.4181034482758621,published,2026-05-29,2026-05-29,asx-investment-products-monthly,http://local/investment-products-monthly-asxmonthly.xlsx
TVL,,ASX,Touch Ventures Limited,LIC,private_equity,AUD,39670000.0,,published_nta,0.107,declared_major,0.062,-0.42056074766355145,published,2026-05-29,2026-05-29,asx-investment-products-monthly,http://local/investment-products-monthly-asxmonthly.xlsx
UWC,,ASX,Underwood Capital Limited,LIC,equity,AUD,11030000.0,,published_nta,0.1034,declared_major,0.05,-0.5164410058027079,published,,,asx-investment-products-monthly,http://local/investment-products-monthly-asxmonthly.xlsx
WAA,,ASX,WAM Active Limited,LIC,equity,AUD,155110000.0,,published_nta,1.0663,declared_major,0.995,-0.06686673544030763,published,2026-05-29,2026-05-29,asx-investment-products-monthly,http://local/investment-products-monthly-asxmonthly.xlsx
WAM,,ASX,WAM Capital Limited,LIC,equity,AUD,1690230000.0,,published_nta,1.2085,declared_major,1.55,0.2825817128671908,published,2026-05-29,2026-05-29,asx-investment-products-monthly,http://local/investment-products-monthly-asxmonthly.xlsx
WAR,,ASX,WAM Strategic Value Limited,LIC,equity,AUD,193640000.0,,published_nta,1.2492,declared_major,1.115,-0.10742875440281785,published,2026-05-29,2026-05-29,asx-investment-products-monthly,http://local/investment-products-monthly-asxmonthly.xlsx
WAX,,ASX,WAM Research Limited,LIC,equity,AUD,213190000.0,,published_nta,0.7749,declared_major,1.065,0.3743708865660085,published,2026-05-29,2026-05-29,asx-investment-products-monthly,http://local/investment-products-monthly-asxmonthly.xlsx
WGB,,ASX,WAM Global Limited,LIC,equity,AUD,758750000.0,,published_nta,2.1849,declared_major,2.16,-0.01139640258135366,published,2026-05-29,2026-05-29,asx-investment-products-monthly,http://local/investment-products-monthly-asxmonthly.xlsx
WHF,,ASX,Whitefield Industrials Limited,LIC,equity,AUD,572520000.0,,published_nta,5.99,declared_major,4.87,-0.1869782971619366,published,2026-05-29,2026-05-29,asx-investment-products-monthly,http://local/investment-products-monthly-asxmonthly.xlsx
WHI,,ASX,Whitefield Income Limited,LIC,debt,AUD,407110000.0,,published_nta,1.22,declared_major,1.255,0.0286885245901638,published,2026-05-29,2026-05-29,asx-investment-products-monthly,http://local/investment-products-monthly-asxmonthly.xlsx
WLE,,ASX,WAM Leaders Limited,LIC,equity,AUD,1842480000.0,,published_nta,1.3155,declared_major,1.31,-0.004180919802356353,published,2026-05-29,2026-05-29,asx-investment-products-monthly,http://local/investment-products-monthly-asxmonthly.xlsx
WMA,,ASX,WAM Alternative Assets Limited,LIC,hedge_multi_asset,AUD,189550000.0,,published_nta,1.1596,declared_major,0.965,-0.1678164884442911,published,2026-05-29,2026-05-29,asx-investment-products-monthly,http://local/investment-products-monthly-asxmonthly.xlsx
WMI,,ASX,WAM Microcap Limited,LIC,small_cap_equity,AUD,403720000.0,,published_nta,1.241,declared_major,1.405,0.13215149073327948,published,2026-05-29,2026-05-29,asx-investment-products-monthly,http://local/investment-products-monthly-asxmonthly.xlsx
WMX,,ASX,WAM Income Maximiser Limited,LIC,debt,AUD,326780000.0,,published_nta,1.6841,declared_major,1.635,-0.02915503829938837,published,2026-05-29,2026-05-29,asx-investment-products-monthly,http://local/investment-products-monthly-asxmonthly.xlsx
WQG,,ASX,WCM Global Growth Limited,LIC,equity,AUD,534260000.0,,published_nta,2.03,declared_major,1.9,-0.064039408866995,published,2026-05-29,2026-05-29,asx-investment-products-monthly,http://local/investment-products-monthly-asxmonthly.xlsx
3IN,JE00BF5FX167,LSE,3i Infrastructure,investment_trust,Infrastructure,GBP,3504930000.0,4226520000.0000005,gross_assets,,,,-0.17072911047386508,mcap_over_gross_assets,,,aic-industry-overview,http://local/AICIndustryOverview31Jul26.xlsx
AAEV,GB00B1G3LR35,LSE,Albion Enterprise VCT,VCT,VCT,GBP,277080000.0,294190000.0,gross_assets,,,,-0.05815969271559196,mcap_over_gross_assets,,,aic-industry-overview,http://local/AICIndustryOverview31Jul26.xlsx
AAIF,GB00B0P6J834,LSE,Aberdeen Asian Income Fund,investment_trust,Asia Pacific Equity Income,GBP,433250000.0,479662680.0,net_shareholders_funds,3.365679253303046,declared_major,3.04,-0.09676479212433198,price_over_nav_net,2026-07-31,2026-07-31,aic-mir+aic-industry-overview,http://local/MIR2607.csv | http://local/AICIndustryOverview31Jul26.xlsx
AAS,GB00BMF19B58,LSE,Aberdeen Asia Focus,investment_trust,Asia Pacific Smaller Companies,GBP,572620000.0,630124650.0,net_shareholders_funds,4.599766007282193,declared_major,4.18,-0.09125812196047245,price_over_nav_net,2026-07-31,2026-07-31,aic-mir+aic-industry-overview,http://local/MIR2607.csv | http://local/AICIndustryOverview31Jul26.xlsx
AATG,GB0005581672,LSE,Albion Technology & General VCT,VCT,VCT,GBP,268000000.0,285770000.0,gross_assets,,,,-0.06218287433950376,mcap_over_gross_assets,,,aic-industry-overview,http://local/AICIndustryOverview31Jul26.xlsx
AEET,GB00BN6JYS78,LSE,Parvus Energy Efficiency Trust,investment_trust,Renewable Energy Infrastructure,GBP,19550000.0,35870000.0,gross_assets,,,,-0.4549763033175356,mcap_over_gross_assets,,,aic-industry-overview,http://local/AICIndustryOverview31Jul26.xlsx
AEI,GB0006039597,LSE,Aberdeen Equity Income Trust,investment_trust,UK Equity Income,GBP,366900000.0,362506893.0,net_shareholders_funds,4.543907393493682,declared_major,4.61,0.014545324273323557,price_over_nav_net,2026-07-31,2026-07-31,aic-mir+aic-industry-overview,http://local/MIR2607.csv | http://local/AICIndustryOverview31Jul26.xlsx
AERI,GB00BK6RLF66,LSE,Aquila European Renewables,investment_trust,Renewable Energy Infrastructure,GBP,54960000.0,342169999.99999994,gross_assets,,,,-0.8393780869158605,mcap_over_gross_assets,,,aic-industry-overview,http://local/AICIndustryOverview31Jul26.xlsx
AEWU,GB00BWD24154,LSE,AEW UK REIT,investment_trust,Property - UK Commercial,GBP,169780000.0,230839999.99999997,gross_assets,,,,-0.26451221625368215,mcap_over_gross_assets,,,aic-industry-overview,http://local/AICIndustryOverview31Jul26.xlsx
AFL,GB00B1FL3C76,LSE,Artemis UK Future Leaders,investment_trust,UK Smaller Companies,GBP,111100000.0,124873148.0,net_shareholders_funds,4.2935319624886725,declared_major,3.82,-0.11028960926011089,price_over_nav_net,2026-07-31,2026-07-31,aic-mir+aic-industry-overview,http://local/MIR2607.csv | http://local/AICIndustryOverview31Jul26.xlsx
AGT,GB00BLH3CY60,LSE,AVI Global Trust,investment_trust,Global,GBP,1000850000.0,1072332266.0,net_shareholders_funds,2.7160601997502756,declared_major,2.535,-0.06666280805076519,price_over_nav_net,2026-07-31,2026-07-31,aic-mir+aic-industry-overview,http://local/MIR2607.csv | http://local/AICIndustryOverview31Jul26.xlsx
AGVI,GB00BPJMQ253,LSE,Aberforth Geared Value & Income Trust,investment_trust,UK Smaller Companies,GBP,94450000.0,110223027.9,net_shareholders_funds,1.0269449450764458,declared_major,0.88,-0.14308940881490706,price_over_nav_net,2026-07-31,2026-07-31,aic-mir+aic-industry-overview,http://local/MIR2607.csv | http://local/AICIndustryOverview31Jul26.xlsx
AIC,GG00BT3GKD08,LSE,Achilles Investment Company,investment_trust,Flexible Investment,GBP,52110000.0,58610000.0,gross_assets,,,,-0.11090257635215839,mcap_over_gross_assets,,,aic-industry-overview,http://local/AICIndustryOverview31Jul26.xlsx
AIE,GB00BF50VS41,LSE,Ashoka India Equity,investment_trust,India / Indian Subcontinent,GBP,425830000.0,445966853.0,net_shareholders_funds,2.633903960641211,declared_major,2.515,-0.04514362042732356,price_over_nav_net,2026-07-31,2026-07-31,aic-mir+aic-industry-overview,http://local/MIR2607.csv | http://local/AICIndustryOverview31Jul26.xlsx
AIRE,GB00BDVK7088,LSE,Alternative Income REIT,investment_trust,Property - UK Commercial,GBP,57800000.0,107789999.99999999,gross_assets,,,,-0.46377214955005097,mcap_over_gross_assets,,,aic-industry-overview,http://local/AICIndustryOverview31Jul26.xlsx
AJOT,GB00BD6H5D36,LSE,AVI Japan Opportunity Trust,investment_trust,Japanese Smaller Companies,GBP,364730000.0,383686961.0,net_shareholders_funds,1.725223613800017,declared_major,1.64,-0.04939858990934032,price_over_nav_net,2026-07-31,2026-07-31,aic-mir+aic-industry-overview,http://local/MIR2607.csv | http://local/AICIndustryOverview31Jul26.xlsx
ALF,GG00BYRGPD65,LSE,Alternative Liquidity Fund,investment_trust,Hedge Funds,GBP,2330000.0,2960000.0,gross_assets,,,,-0.21283783783783783,mcap_over_gross_assets,,,aic-industry-overview,http://local/AICIndustryOverview31Jul26.xlsx
ALW,GB00B11V7W98,LSE,Alliance Witan,investment_trust,Global,GBP,4992220000.0,5216330130.0,net_shareholders_funds,14.053787851270394,declared_major,13.45,-0.04296264164936969,price_over_nav_net,2026-07-31,2026-07-31,aic-mir+aic-industry-overview,http://local/MIR2607.csv | http://local/AICIndustryOverview31Jul26.xlsx
ANII,GB0006048770,LSE,Aberdeen New India Investment Trust,investment_trust,India / Indian Subcontinent,GBP,312640000.0,347907644.0,net_shareholders_funds,8.12345256473758,declared_major,7.3,-0.1013673137345612,price_over_nav_net,2026-07-31,2026-07-31,aic-mir+aic-industry-overview,http://local/MIR2607.csv | http://local/AICIndustryOverview31Jul26.xlsx
API,GB0033875286,LSE,abrdn Property Income Trust,investment_trust,Property - UK Commercial,GBP,6860000.0,14260000.0,gross_assets,,,,-0.5189340813464236,mcap_over_gross_assets,,,aic-industry-overview,http://local/AICIndustryOverview31Jul26.xlsx
ARR,GB0000633262,LSE,Aurora UK Alpha,investment_trust,UK All Companies,GBP,270930000.0,301390159.0,net_shareholders_funds,2.814975281393706,declared_major,2.53,-0.10123544717331012,price_over_nav_net,2026-07-31,2026-07-31,aic-mir+aic-industry-overview,http://local/MIR2607.csv | http://local/AICIndustryOverview31Jul26.xlsx
ASL,GB0000066554,LSE,Aberforth Smaller Companies,investment_trust,UK Smaller Companies,GBP,1312770000.0,1460130565.0,net_shareholders_funds,18.952740116721564,declared_major,17.04,-0.10092156094273663,price_over_nav_net,2026-07-31,2026-07-31,aic-mir+aic-industry-overview,http://local/MIR2607.csv | http://local/AICIndustryOverview31Jul26.xlsx
ASLI,GB00BD9PXH49,LSE,abrdn European Logistics Income,investment_trust,Property - Europe,GBP,78310000.0,311930000.0,gross_assets,,,,-0.7489500849549579,mcap_over_gross_assets,,,aic-industry-overview,http://local/AICIndustryOverview31Jul26.xlsx
ATT,GB00BNG2M159,LSE,Allianz Technology Trust,investment_trust,Technology & Technology Innovation,GBP,2207720000.0,2406275146.0,net_shareholders_funds,7.302570653722966,declared_major,6.7,-0.0825148680233262,price_over_nav_net,2026-07-31,2026-07-31,aic-mir+aic-industry-overview,http://local/MIR2607.csv | http://local/AICIndustryOverview31Jul26.xlsx
ATY,GB0000609296,LSE,Athelney Trust,investment_trust,UK Smaller Companies,GBP,3560000.0,3651249.0,net_shareholders_funds,1.6920529908739175,declared_major,1.65,-0.024853235153231124,price_over_nav_net,2026-07-31,2026-07-31,aic-mir+aic-industry-overview,http://local/MIR2607.csv | http://local/AICIndustryOverview31Jul26.xlsx
AUSC,GB0002959582,LSE,Aberdeen UK Smaller Companies Growth,investment_trust,UK Smaller Companies,GBP,225320000.0,247117994.0,net_shareholders_funds,5.571423765994695,declared_major,5.08,-0.08820434176881498,price_over_nav_net,2026-07-31,2026-07-31,aic-mir+aic-industry-overview,http://local/MIR2607.csv | http://local/AICIndustryOverview31Jul26.xlsx
AWEM,GB00BMZR7D19,LSE,Ashoka WhiteOak Emerging Markets,investment_trust,Global Emerging Markets,GBP,73110000.0,74780000.0,gross_assets,,,,-0.02233217437817603,mcap_over_gross_assets,,,aic-industry-overview,http://local/AICIndustryOverview31Jul26.xlsx
BAF,GB0000653112,LSE,British & American,investment_trust,Global Equity Income,GBP,2000000.0,3340000.0,gross_assets,,,,-0.4011976047904192,mcap_over_gross_assets,,,aic-industry-overview,http://local/AICIndustryOverview31Jul26.xlsx
BASC,GB0003463402,LSE,Brown Advisory US Smaller Companies,investment_trust,North American Smaller Companies,GBP,175410000.0,187910000.0,gross_assets,,,,-0.06652120696077912,mcap_over_gross_assets,,,aic-industry-overview,http://local/AICIndustryOverview31Jul26.xlsx
BBOX,GB00BG49KP99,LSE,Tritax Big Box REIT,investment_trust,Property - UK Logistics,GBP,4617360000.0,7819210000.0,gross_assets,,,,-0.40948510143607864,mcap_over_gross_assets,,,aic-industry-overview,http://local/AICIndustryOverview31Jul26.xlsx
BEMO,GB0032273343,LSE,Barings Emerging EMEA Opportunities,investment_trust,Global Emerging Markets,GBP,95290000.0,105376762.0,net_shareholders_funds,9.17843289425664,declared_major,8.3,-0.09570619564112237,price_over_nav_net,2026-07-31,2026-07-31,aic-mir+aic-industry-overview,http://local/MIR2607.csv | http://local/AICIndustryOverview31Jul26.xlsx
BERI,GB00B0N8MF98,LSE,BlackRock Energy and Resources Income,investment_trust,Commodities & Natural Resources,GBP,174080000.0,183074790.0,net_shareholders_funds,1.8298767688654138,declared_major,1.74,-0.0491162959138175,price_over_nav_net,2026-07-31,2026-07-31,aic-mir+aic-industry-overview,http://local/MIR2607.csv | http://local/AICIndustryOverview31Jul26.xlsx
BFSP,GB00BKV46W45,LSE,BlackFinch Spring VCT,VCT,VCT,GBP,71220000.0,75210000.0,gross_assets,,,,-0.053051455923414426,mcap_over_gross_assets,,,aic-industry-overview,http://local/AICIndustryOverview31Jul26.xlsx
BGCG,GB0003656021,LSE,Baillie Gifford China Growth,investment_trust,China / Greater China,GBP,166730000.0,184814139.0,net_shareholders_funds,3.3919459266809526,declared_major,3.06,-0.0978629771394276,price_over_nav_net,2026-07-31,2026-07-31,aic-mir+aic-industry-overview,http://local/MIR2607.csv | http://local/AICIndustryOverview31Jul26.xlsx
BGEU,GB00BMC7T380,LSE,Baillie Gifford European Growth,investment_trust,Europe,GBP,336440000.0,353411822.0,net_shareholders_funds,1.2290218252125338,declared_major,1.17,-0.04802341504580465,price_over_nav_net,2026-07-31,2026-07-31,aic-mir+aic-industry-overview,http://local/MIR2607.csv | http://local/AICIndustryOverview31Jul26.xlsx
BGFD,GB0000485838,LSE,Baillie Gifford Japan Trust,investment_trust,Japan,GBP,674800000.0,738222370.0,net_shareholders_funds,11.333738389871856,declared_major,10.36,-0.08591502259678208,price_over_nav_net,2026-07-31,2026-07-31,aic-mir+aic-industry-overview,http://local/MIR2607.csv | http://local/AICIndustryOverview31Jul26.xlsx
BGS,GB00BFXYH242,LSE,Baillie Gifford Shin Nippon,investment_trust,Japanese Smaller Companies,GBP,314730000.0,349421804.0,net_shareholders_funds,1.7918803878888712,declared_major,1.614,-0.09927023538576885,price_over_nav_net,2026-07-31,2026-07-31,aic-mir+aic-industry-overview,http://local/MIR2607.csv | http://local/AICIndustryOverview31Jul26.xlsx
BGUK,GB0007913485,LSE,Baillie Gifford UK Growth,investment_trust,UK All Companies,GBP,233540000.0,256266418.0,net_shareholders_funds,2.4141356660714317,declared_major,2.2,-0.08870075906707364,price_over_nav_net,2026-07-31,2026-07-31,aic-mir+aic-industry-overview,http://local/MIR2607.csv | http://local/AICIndustryOverview31Jul26.xlsx
BHMG,GG00BQBFY362,LSE,BH Macro,investment_trust,Hedge Funds,GBP,1250230000.0,1337180000.0,gross_assets,,,,-0.06502490315439957,mcap_over_gross_assets,,,aic-industry-overview,http://local/AICIndustryOverview31Jul26.xlsx
BHMU,GG00BQBFY479,LSE,BH Macro USD,investment_trust,Hedge Funds,GBP,73880000.0,79640000.0,gross_assets,,,,-0.07232546459065792,mcap_over_gross_assets,,,aic-industry-overview,http://local/AICIndustryOverview31Jul26.xlsx
BIOG,GB0000385517,LSE,Biotech Growth Trust,investment_trust,Biotechnology & Healthcare,GBP,304520000.0,323104949.0,net_shareholders_funds,16.997701110604677,declared_major,16.02,-0.05751960834248937,price_over_nav_net,2026-07-31,2026-07-31,aic-mir+aic-industry-overview,http://local/MIR2607.csv | http://local/AICIndustryOverview31Jul26.xlsx
BIPS,JE00B6RMDP68,LSE,Invesco Bond Income Plus,investment_trust,Debt - Loans & Bonds,GBP,492850000.0,485537711.0,net_shareholders_funds,1.674788244821337,declared_major,1.7,0.015053697240007047,price_over_nav_net,2026-07-31,2026-07-31,aic-mir+aic-industry-overview,http://local/MIR2607.csv | http://local/AICIndustryOverview31Jul26.xlsx
BMD,GB0030028103,LSE,Baronsmead Second Venture Trust,investment_trust,VCT,GBP,201730000.0,206750729.0,net_shareholders_funds,0.48450216950753056,declared_major,0.47600000000000003,-0.01754825889876299,price_over_nav_net,2026-07-31,2026-07-31,aic-mir+aic-industry-overview,http://local/MIR2607.csv | http://local/AICIndustryOverview31Jul26.xlsx
BNKR,GB00BN4NDR39,LSE,Bankers Investment Trust,investment_trust,Global,GBP,1350020000.0,1454303000.0,net_shareholders_funds,1.5835548515259454,declared_major,1.47,-0.07170882108473964,price_over_nav_net,2026-07-31,2026-07-31,aic-mir+aic-industry-overview,http://local/MIR2607.csv | http://local/AICIndustryOverview31Jul26.xlsx
BOOK,GB00BMF1L080,LSE,Literacy Capital,investment_trust,Private Equity,GBP,179400000.0,292750000.0,gross_assets,,,,-0.38719043552519217,mcap_over_gross_assets,,,aic-industry-overview,http://local/AICIndustryOverview31Jul26.xlsx
BPCR,GB00BDGKMY29,LSE,BioPharma Credit,investment_trust,Debt - Direct Lending,GBP,807190000.0,837000000.0,gross_assets,,,,-0.03561529271206687,mcap_over_gross_assets,,,aic-industry-overview,http://local/AICIndustryOverview31Jul26.xlsx
BRAI,GB00B7W0XJ61,LSE,BlackRock American Income,investment_trust,North America,GBP,177280000.0,179800633.0,net_shareholders_funds,2.769566401722683,declared_major,2.79,0.00737790517122372,price_over_nav_net,2026-07-31,2026-07-31,aic-mir+aic-industry-overview,http://local/MIR2607.csv | http://local/AICIndustryOverview31Jul26.xlsx
BRFI,GB00B3SXM832,LSE,BlackRock Frontiers,investment_trust,Global Emerging Markets,GBP,308490000.0,306942437.0,net_shareholders_funds,1.8600709613801092,declared_major,1.87,0.005337989155276057,price_over_nav_net,2026-07-31,2026-07-31,aic-mir+aic-industry-overview,http://local/MIR2607.csv | http://local/AICIndustryOverview31Jul26.xlsx
BRGE,GB00B01RDH75,LSE,BlackRock Greater Europe,investment_trust,Europe,GBP,530409999.99999994,569980489.0,net_shareholders_funds,6.3225996726511715,declared_major,5.88,-0.07000279878001225,price_over_nav_net,2026-07-31,2026-07-31,aic-mir+aic-industry-overview,http://local/MIR2607.csv | http://local/AICIndustryOverview31Jul26.xlsx
BRIG,GB0030961691,LSE,BlackRock Income & Growth,investment_trust,UK Equity Income,GBP,42050000.0,48280618.0,net_shareholders_funds,2.6074984170505315,declared_major,2.27,-0.12943379556574852,price_over_nav_net,2026-07-31,2026-07-31,aic-mir+aic-industry-overview,http://local/MIR2607.csv | http://local/AICIndustryOverview31Jul26.xlsx
BRLA,GB0005058408,LSE,BlackRock Latin American,investment_trust,Latin America,GBP,93660000.0,106210000.00000001,gross_assets,,,,-0.11816213162602407,mcap_over_gross_assets,,,aic-industry-overview,http://local/AICIndustryOverview31Jul26.xlsx
BRSC,GB00BWQGKH23,LSE,BlackRock Smaller Companies,investment_trust,UK Smaller Companies,GBP,656170000.0,714024572.0,net_shareholders_funds,2.9307870513746415,declared_major,2.69,-0.08215781193031546,price_over_nav_net,2026-07-31,2026-07-31,aic-mir+aic-industry-overview,http://local/MIR2607.csv | http://local/AICIndustryOverview31Jul26.xlsx
BRWM,GB0005774855,LSE,BlackRock World Mining,investment_trust,Commodities & Natural Resources,GBP,1650410000.0,1672155420.0,net_shareholders_funds,8.946359447276803,declared_major,8.83,-0.013006346096704369,price_over_nav_net,2026-07-31,2026-07-31,aic-mir+aic-industry-overview,http://local/MIR2607.csv | http://local/AICIndustryOverview31Jul26.xlsx
BSC,GB0005001796,LSE,British Smaller Companies VCT 2,VCT,VCT,GBP,188020000.0,197880000.0,gross_assets,,,,-0.04982817869415812,mcap_over_gross_assets,,,aic-industry-overview,http://local/AICIndustryOverview31Jul26.xlsx
BSRT,GG00B6686L20,LSE,Baker Steel Resources Trust,investment_trust,Commodities & Natural Resources,GBP,135760000.0,162170000.0,gross_assets,,,,-0.16285379539988898,mcap_over_gross_assets,,,aic-industry-overview,http://local/AICIndustryOverview31Jul26.xlsx
BSV,GB0001403152,LSE,British Smaller Companies VCT,VCT,VCT,GBP,297440000.0,313340000.0,gross_assets,,,,-0.05074360119997445,mcap_over_gross_assets,,,aic-industry-overview,http://local/AICIndustryOverview31Jul26.xlsx
BUT,GB0001490001,LSE,Brunner Investment Trust,investment_trust,Global,GBP,660560000.0,737898671.0,net_shareholders_funds,17.180623839610217,declared_major,15.38,-0.1048054981250941,price_over_nav_net,2026-07-31,2026-07-31,aic-mir+aic-industry-overview,http://local/MIR2607.csv | http://local/AICIndustryOverview31Jul26.xlsx
BVT,GB0002631934,LSE,Baronsmead Venture Trust,investment_trust,VCT,GBP,202350000.0,210471115.0,net_shareholders_funds,0.47222184890511054,declared_major,0.45399999999999996,-0.0385874752457126,price_over_nav_net,2026-07-31,2026-07-31,aic-mir+aic-industry-overview,http://local/MIR2607.csv | http://local/AICIndustryOverview31Jul26.xlsx
CBA,GG00BFMDJH11,LSE,Ceiba Investments,investment_trust,Property - Rest of World,GBP,47910000.0,103910000.0,gross_assets,,,,-0.5389279183909153,mcap_over_gross_assets,,,aic-industry-overview,http://local/AICIndustryOverview31Jul26.xlsx
CCJI,GB00BYSRMH16,LSE,CC Japan Income & Growth Trust,investment_trust,Japan,GBP,351650000.0,383209581.0,net_shareholders_funds,2.844265167358776,declared_major,2.61,-0.08236403906613188,price_over_nav_net,2026-07-31,2026-07-31,aic-mir+aic-industry-overview,http://local/MIR2607.csv | http://local/AICIndustryOverview31Jul26.xlsx
CGI,,LSE,Canadian General Investments,investment_trust,North America,GBP,564660000.0,1089690000.0,gross_assets,,,,-0.4818159293009938,mcap_over_gross_assets,,,aic-industry-overview,http://local/AICIndustryOverview31Jul26.xlsx
CGL,GG00BMWWJM28,LSE,Castelnau Group,investment_trust,Flexible Investment,GBP,295150000.0,425060000.0,gross_assets,,,,-0.30562744083188254,mcap_over_gross_assets,,,aic-industry-overview,http://local/AICIndustryOverview31Jul26.xlsx
CGT,GB00BT66KP92,LSE,Capital Gearing Trust,investment_trust,Flexible Investment,GBP,815060000.0,809731824.0,net_shareholders_funds,5.1759208519856035,declared_major,5.21,0.006584171008202855,price_over_nav_net,2026-07-31,2026-07-31,aic-mir+aic-industry-overview,http://local/MIR2607.csv | http://local/AICIndustryOverview31Jul26.xlsx
CHI,GB00B1N4G299,LSE,CT UK High Income Trust,investment_trust,UK Equity Income,GBP,105410000.0,108803648.3,net_shareholders_funds,1.1973200375254809,declared_major,1.16,-0.03116964249810006,price_over_nav_net,2026-07-31,2026-07-31,aic-mir+aic-industry-overview,http://local/MIR2607.csv | http://local/AICIndustryOverview31Jul26.xlsx
CHIB,GB00B1N4H594,LSE,CT UK High Income Trust,investment_trust,UK Equity Income,GBP,34580000.0,36798134.7,net_shareholders_funds,1.1973200374181479,declared_major,1.125,-0.06040159285573787,price_over_nav_net,2026-07-31,2026-07-31,aic-mir+aic-industry-overview,http://local/MIR2607.csv | http://local/AICIndustryOverview31Jul26.xlsx
CHRY,GG00BGJYPP46,LSE,Chrysalis Investments,investment_trust,Growth Capital,GBP,354000000.0,630510000.0,gross_assets,,,,-0.43854974544416425,mcap_over_gross_assets,,,aic-industry-overview,http://local/AICIndustryOverview31Jul26.xlsx
CIP,GG00B62DS151,LSE,Channel Islands Property,investment_trust,Property - UK Commercial,GBP,,251220000.00000003,gross_assets,,,,,,,,aic-industry-overview,http://local/AICIndustryOverview31Jul26.xlsx
CLC,GB00BYQPF348,LSE,Calculus VCT,VCT,VCT,GBP,52200000.0,56260000.0,gross_assets,,,,-0.07216494845360821,mcap_over_gross_assets,,,aic-industry-overview,http://local/AICIndustryOverview31Jul26.xlsx
CLDN,GB00BTNQ8K38,LSE,Caledonia Investments,investment_trust,Flexible Investment,GBP,1985510000.0,3029091000.0,net_shareholders_funds,5.935192827397204,declared_major,3.88,-0.34627229260527326,price_over_nav_net,2026-07-31,2026-07-31,aic-mir+aic-industry-overview,http://local/MIR2607.csv | http://local/AICIndustryOverview31Jul26.xlsx
CMPG,GB00B2PP2527,LSE,CT Global Managed Portfolio Growth,investment_trust,Flexible Investment,GBP,108750000.0,111113823.0,net_shareholders_funds,3.2696201503602755,declared_major,3.2,-0.02129303930078974,price_over_nav_net,2026-07-31,2026-07-31,aic-mir+aic-industry-overview,http://local/MIR2607.csv | http://local/AICIndustryOverview31Jul26.xlsx
CMPI,GB00B2PP3J36,LSE,CT Global Managed Portfolio Income,investment_trust,Flexible Investment,GBP,81010000.0,81025811.0,net_shareholders_funds,1.315307227531539,declared_major,1.315,-0.00023357853215444369,price_over_nav_net,2026-07-31,2026-07-31,aic-mir+aic-industry-overview,http://local/MIR2607.csv | http://local/AICIndustryOverview31Jul26.xlsx
CORD,GG00BMC7TM77,LSE,Cordiant Digital Infrastructure,investment_trust,Infrastructure,GBP,953320000.0,1280920000.0,gross_assets,,,,-0.25575367704462415,mcap_over_gross_assets,,,aic-industry-overview,http://local/AICIndustryOverview31Jul26.xlsx
CREI,GB00BJFLFT45,LSE,Custodian Property Income REIT,investment_trust,Property - UK Commercial,GBP,395940000.0,659920000.0000001,gross_assets,,,,-0.4000181840223058,mcap_over_gross_assets,,,aic-industry-overview,http://local/AICIndustryOverview31Jul26.xlsx
CRS,GG00B1Z2SL48,LSE,Crystal Amber Fund,investment_trust,Flexible Investment,GBP,53280000.0,104540000.0,gross_assets,,,,-0.49033862636311465,mcap_over_gross_assets,,,aic-industry-overview,http://local/AICIndustryOverview31Jul26.xlsx
CRWC,GB00BSPT6546,LSE,Albion Crown VCT C shares,VCT,VCT,GBP,47940000.0,50370000.0,gross_assets,,,,-0.04824300178677787,mcap_over_gross_assets,,,aic-industry-overview,http://local/AICIndustryOverview31Jul26.xlsx
CRWN,GB0002577434,LSE,Albion Crown VCT,VCT,VCT,GBP,133509999.99999999,142170000.0,gross_assets,,,,-0.060912991489062485,mcap_over_gross_assets,,,aic-industry-overview,http://local/AICIndustryOverview31Jul26.xlsx
CTHT,GB00BZCNLL95,LSE,CT Healthcare Trust,investment_trust,Biotechnology & Healthcare,GBP,67190000.0,68965743.0,net_shareholders_funds,1.478067949715412,declared_major,1.44,-0.02575520951032173,price_over_nav_net,2026-07-31,2026-07-31,aic-mir+aic-industry-overview,http://local/MIR2607.csv | http://local/AICIndustryOverview31Jul26.xlsx
CTPE,GB0030738271,LSE,CT Private Equity Trust,investment_trust,Private Equity,GBP,357010000.0,564870000.0,gross_assets,,,,-0.3679784729229735,mcap_over_gross_assets,,,aic-industry-overview,http://local/AICIndustryOverview31Jul26.xlsx
CTUK,GB0003463287,LSE,CT UK Capital and Income,investment_trust,UK Equity Income,GBP,334480000.0,348375042.0,net_shareholders_funds,3.7287090817374673,declared_major,3.58,-0.0398821893791117,price_over_nav_net,2026-07-31,2026-07-31,aic-mir+aic-industry-overview,http://local/MIR2607.csv | http://local/AICIndustryOverview31Jul26.xlsx
CTY,GB0001990497,LSE,City of London Investment Trust,investment_trust,UK Equity Income,GBP,3057050000.0,2966552461.0,net_shareholders_funds,5.754462178194159,declared_major,5.93,0.03050464428648425,price_over_nav_net,2026-07-31,2026-07-31,aic-mir+aic-industry-overview,http://local/MIR2607.csv | http://local/AICIndustryOverview31Jul26.xlsx
CVCE,JE00B9G79F59,LSE,CVC Income & Growth Euro,investment_trust,Debt - Loans & Bonds,GBP,82320000.0,83790000.0,gross_assets,,,,-0.01754385964912286,mcap_over_gross_assets,,,aic-industry-overview,http://local/AICIndustryOverview31Jul26.xlsx
CVCG,JE00B9MRHZ51,LSE,CVC Income & Growth,investment_trust,Debt - Loans & Bonds,GBP,251630000.0,251560000.0,gross_assets,,,,0.0002782636349181189,mcap_over_gross_assets,,,aic-industry-overview,http://local/AICIndustryOverview31Jul26.xlsx
CYN,GB0000353929,LSE,CQS Natural Resources Growth & Income,investment_trust,Commodities & Natural Resources,GBP,126970000.0,125469976.0,net_shareholders_funds,3.468585698631679,declared_major,3.51,0.011939823595725985,price_over_nav_net,2026-07-31,2026-07-31,aic-mir+aic-industry-overview,http://local/MIR2607.csv | http://local/AICIndustryOverview31Jul26.xlsx
DGI9,JE00BMDKH437,LSE,Digital 9 Infrastructure,investment_trust,Infrastructure,GBP,24540000.0,50380000.0,gross_assets,,,,-0.5129019452163557,mcap_over_gross_assets,,,aic-industry-overview,http://local/AICIndustryOverview31Jul26.xlsx
DIG,GB0003406096,LSE,Dunedin Income Growth,investment_trust,UK Equity Income,GBP,367880000.0,392838422.0,net_shareholders_funds,3.3530030033413403,declared_major,3.14,-0.06352604012852903,price_over_nav_net,2026-07-31,2026-07-31,aic-mir+aic-industry-overview,http://local/MIR2607.csv | http://local/AICIndustryOverview31Jul26.xlsx
DPA,GG00BBP6HP33,LSE,DP Aircraft I,investment_trust,Leasing,GBP,28530000.0,134870000.0,gross_assets,,,,-0.7884629643360272,mcap_over_gross_assets,,,aic-industry-overview,http://local/AICIndustryOverview31Jul26.xlsx
DVNO,GB00BD0ND667,LSE,Develop North,investment_trust,Property - Debt,GBP,19580000.0,25900000.0,gross_assets,,,,-0.24401544401544406,mcap_over_gross_assets,,,aic-industry-overview,http://local/AICIndustryOverview31Jul26.xlsx
EDIN,GB0003052338,LSE,Edinburgh Investment Trust,investment_trust,UK Equity Income,GBP,1056160000.0000001,1088755612.0,net_shareholders_funds,8.700507399788352,declared_major,8.44,-0.029941633035642234,price_over_nav_net,2026-07-31,2026-07-31,aic-mir+aic-industry-overview,http://local/MIR2607.csv | http://local/AICIndustryOverview31Jul26.xlsx
EGL,GB00BD3V4641,LSE,Ecofin Global Utilities and Infrastructure,investment_trust,Infrastructure Securities,GBP,247930000.0,246092244.4,net_shareholders_funds,2.66017765077032,declared_major,2.68,0.007451513331803383,price_over_nav_net,2026-07-31,2026-07-31,aic-mir+aic-industry-overview,http://local/MIR2607.csv | http://local/AICIndustryOverview31Jul26.xlsx
EJFI,JE00BF0D1M25,LSE,EJF Investments,investment_trust,Debt - Structured Finance,GBP,78130000.0,129389999.99999999,gross_assets,,,,-0.396166628023804,mcap_over_gross_assets,,,aic-industry-overview,http://local/AICIndustryOverview31Jul26.xlsx
ENRG,GB00BNKVP754,LSE,VH Global Energy Infrastructure,investment_trust,Renewable Energy Infrastructure,GBP,294480000.0,412990000.0,gross_assets,,,,-0.2869561006319765,mcap_over_gross_assets,,,aic-industry-overview,http://local/AICIndustryOverview31Jul26.xlsx
EOT,GB0000197722,LSE,European Opportunities Trust,investment_trust,Europe,GBP,437200000.0,448202205.0,net_shareholders_funds,9.60582008246048,declared_major,9.37,-0.024549708451345187,price_over_nav_net,2026-07-31,2026-07-31,aic-mir+aic-industry-overview,http://local/MIR2607.csv | http://local/AICIndustryOverview31Jul26.xlsx
ESCT,GB00BMCF8689,LSE,The European Smaller Companies Trust,investment_trust,European Smaller Companies,GBP,798320000.0,861527865.0,net_shareholders_funds,2.525260056953779,declared_major,2.34,-0.07336276374531425,price_over_nav_net,2026-07-31,2026-07-31,aic-mir+aic-industry-overview,http://local/MIR2607.csv | http://local/AICIndustryOverview31Jul26.xlsx
EWI,GB00BHSRZC82,LSE,Edinburgh Worldwide,investment_trust,Global Smaller Companies,GBP,804180000.0,865777693.0,net_shareholders_funds,2.5030847396793607,declared_major,2.325,-0.07114610898158114,price_over_nav_net,2026-07-31,2026-07-31,aic-mir+aic-industry-overview,http://local/MIR2607.csv | http://local/AICIndustryOverview31Jul26.xlsx
FAIR,GG00BS874H38,LSE,Fair Oaks Income 2021,investment_trust,Debt - Structured Finance,GBP,142380000.0,147770000.0,gross_assets,,,,-0.036475603979156834,mcap_over_gross_assets,,,aic-industry-overview,http://local/AICIndustryOverview31Jul26.xlsx
FAS,GB0003322319,LSE,Fidelity Asian Values,investment_trust,Asia Pacific Smaller Companies,GBP,368890000.0,389878780.0,net_shareholders_funds,6.214600611276456,declared_major,5.88,-0.0538410482355568,price_over_nav_net,2026-07-31,2026-07-31,aic-mir+aic-industry-overview,http://local/MIR2607.csv | http://local/AICIndustryOverview31Jul26.xlsx
FCIT,GB00BS88V647,LSE,F&C Investment Trust,investment_trust,Global,GBP,6235680000.0,6709618000.0,net_shareholders_funds,3.5637250599674566,declared_major,3.312,-0.07063537611112891,price_over_nav_net,2026-07-31,2026-07-31,aic-mir+aic-industry-overview,http://local/MIR2607.csv | http://local/AICIndustryOverview31Jul26.xlsx
FCSS,GB00B62Z3C74,LSE,Fidelity China Special Situations,investment_trust,China / Greater China,GBP,1220180000.0,1269687875.0,net_shareholders_funds,2.7887381201246284,declared_major,2.68,-0.0389918721087259,price_over_nav_net,2026-07-31,2026-07-31,aic-mir+aic-industry-overview,http://local/MIR2607.csv | http://local/AICIndustryOverview31Jul26.xlsx
FEML,GG00B4L0PD47,LSE,Fidelity Emerging Markets,investment_trust,Global Emerging Markets,GBP,534270000.0,592230138.0,net_shareholders_funds,15.186229237311604,declared_major,13.7,-0.09786690389606612,price_over_nav_net,2026-07-31,2026-07-31,aic-mir+aic-industry-overview,http://local/MIR2607.csv | http://local/AICIndustryOverview31Jul26.xlsx
FEV,GB00BK1PKQ95,LSE,Fidelity European Trust,investment_trust,Europe,GBP,2110469999.9999998,2213680473.0,net_shareholders_funds,4.4945622930367986,declared_major,4.285,-0.04662574003289777,price_over_nav_net,2026-07-31,2026-07-31,aic-mir+aic-industry-overview,http://local/MIR2607.csv | http://local/AICIndustryOverview31Jul26.xlsx
FGEN,GG00BJL5FH87,LSE,Foresight Environmental Infrastructure,investment_trust,Renewable Energy Infrastructure,GBP,537940000.0,819319999.9999999,gross_assets,,,,-0.34343113801689196,mcap_over_gross_assets,,,aic-industry-overview,http://local/AICIndustryOverview31Jul26.xlsx
FGT,GB0007816068,LSE,Finsbury Growth & Income Trust,investment_trust,UK Equity Income,GBP,805460000.0,860972291.0,net_shareholders_funds,8.594135382890636,declared_major,8.04,-0.06447831668952064,price_over_nav_net,2026-07-31,2026-07-31,aic-mir+aic-industry-overview,http://local/MIR2607.csv | http://local/AICIndustryOverview31Jul26.xlsx
FSFL,JE00BD3QJR55,LSE,Foresight Solar Fund,investment_trust,Renewable Energy Infrastructure,GBP,389240000.0,975970000.0,gross_assets,,,,-0.6011762656639036,mcap_over_gross_assets,,,aic-industry-overview,http://local/AICIndustryOverview31Jul26.xlsx
FSV,GB00BWXC7Y93,LSE,Fidelity Special Values,investment_trust,UK All Companies,GBP,1503360000.0,1492784823.0,net_shareholders_funds,4.602404173258847,declared_major,4.635,0.007082347728289973,price_over_nav_net,2026-07-31,2026-07-31,aic-mir+aic-industry-overview,http://local/MIR2607.csv | http://local/AICIndustryOverview31Jul26.xlsx
FTF,GB00B07YBS95,LSE,Foresight Enterprise VCT,VCT,VCT,GBP,169420000.0,177580000.0,gross_assets,,,,-0.0459511206216916,mcap_over_gross_assets,,,aic-industry-overview,http://local/AICIndustryOverview31Jul26.xlsx
FTV,GB00B68K3716,LSE,Foresight VCT,VCT,VCT,GBP,214670000.0,231210000.0,gross_assets,,,,-0.07153669823969555,mcap_over_gross_assets,,,aic-industry-overview,http://local/AICIndustryOverview31Jul26.xlsx
FVEN,GB00BRBQ0C76,LSE,Foresight Ventures VCT,VCT,VCT,GBP,87740000.0,89850000.0,gross_assets,,,,-0.02348358375069559,mcap_over_gross_assets,,,aic-industry-overview,http://local/AICIndustryOverview31Jul26.xlsx
FVV,GB00BP2RHT10,LSE,Fuel Ventures VCT,VCT,VCT,GBP,12470000.0,13140000.0,gross_assets,,,,-0.050989345509893425,mcap_over_gross_assets,,,aic-industry-overview,http://local/AICIndustryOverview31Jul26.xlsx
FWT,GB00BKF2JH04,LSE,Foresight Technology VCT William Technology shares,VCT,VCT,GBP,44400000.0,45970000.0,gross_assets,,,,-0.03415270828801398,mcap_over_gross_assets,,,aic-industry-overview,http://local/AICIndustryOverview31Jul26.xlsx
GABI,JE00BPCSN748,LSE,GCP Asset Backed Income,investment_trust,Debt - Direct Lending,GBP,68700000.0,121630000.0,gross_assets,,,,-0.43517224368987917,mcap_over_gross_assets,,,aic-industry-overview,http://local/AICIndustryOverview31Jul26.xlsx
GCL,GB00B15FW330,LSE,Geiger Counter,investment_trust,Commodities & Natural Resources,GBP,65140000.0,72252301.53,net_shareholders_funds,0.6122507422742391,declared_major,0.55,-0.10167524181841792,price_over_nav_net,2026-07-31,2026-07-31,aic-mir+aic-industry-overview,http://local/MIR2607.csv | http://local/AICIndustryOverview31Jul26.xlsx
GCP,JE00B6173J15,LSE,GCP Infrastructure Investments,investment_trust,Infrastructure,GBP,656500000.0,883949999.9999999,gross_assets,,,,-0.2573109338763504,mcap_over_gross_assets,,,aic-industry-overview,http://local/AICIndustryOverview31Jul26.xlsx
GHV1,GB00B29BN198,LSE,Gresham House Income & Growth VCT,VCT,VCT,GBP,204570000.0,219720000.0,gross_assets,,,,-0.06895139268159478,mcap_over_gross_assets,,,aic-industry-overview,http://local/AICIndustryOverview31Jul26.xlsx
GHV2,GB00B01WL239,LSE,Gresham House Income & Growth 2 VCT,VCT,VCT,GBP,166860000.0,175150000.0,gross_assets,,,,-0.047330859263488456,mcap_over_gross_assets,,,aic-industry-overview,http://local/AICIndustryOverview31Jul26.xlsx
GMP,GB00BD8P0741,LSE,Gabelli Merchant Partners,investment_trust,Hedge Funds,GBP,37580000.0,54110000.0,gross_assets,,,,-0.3054888190722602,mcap_over_gross_assets,,,aic-industry-overview,http://local/AICIndustryOverview31Jul26.xlsx
GOT,GB0033862573,LSE,Global Opportunities Trust,investment_trust,Flexible Investment,GBP,94100000.0,117993301.0,net_shareholders_funds,4.037799404424995,declared_major,3.22,-0.20253591684836414,price_over_nav_net,2026-07-31,2026-07-31,aic-mir+aic-industry-overview,http://local/MIR2607.csv | http://local/AICIndustryOverview31Jul26.xlsx
GPM,GG00B1G9T992,LSE,Golden Prospect Precious Metals,investment_trust,Commodities & Natural Resources,GBP,69810000.0,77664476.0,net_shareholders_funds,0.9540179412597369,declared_major,0.857,-0.10169404270492988,price_over_nav_net,2026-07-31,2026-07-31,aic-mir+aic-industry-overview,http://local/MIR2607.csv | http://local/AICIndustryOverview31Jul26.xlsx
GRID,GB00BFX3K770,LSE,Gresham House Energy Storage,investment_trust,Renewable Energy Infrastructure,GBP,520120000.0,762560000.0,gross_assets,,,,-0.31792908099034833,mcap_over_gross_assets,,,aic-industry-overview,http://local/AICIndustryOverview31Jul26.xlsx
GRIO,GB00B715WG26,LSE,Ground Rents Income Fund,investment_trust,Property - UK Residential,GBP,16260000.000000002,51610000.0,gross_assets,,,,-0.6849447781437705,mcap_over_gross_assets,,,aic-industry-overview,http://local/AICIndustryOverview31Jul26.xlsx
GROW,GB00BY7QYJ50,LSE,Molten Ventures,investment_trust,Growth Capital,GBP,1051050000.0,1495980000.0,gross_assets,,,,-0.2974170777684194,mcap_over_gross_assets,,,aic-industry-overview,http://local/AICIndustryOverview31Jul26.xlsx
GRP,IE00BF2NR112,LSE,Greencoat Renewables,investment_trust,Renewable Energy Infrastructure,GBP,717860000.0,1960040000.0,gross_assets,,,,-0.6337523724005633,mcap_over_gross_assets,,,aic-industry-overview,http://local/AICIndustryOverview31Jul26.xlsx
GSCT,GB00BKLXD974,LSE,The Global Smaller Companies Trust,investment_trust,Global Smaller Companies,GBP,792220000.0,816936382.0,net_shareholders_funds,1.9778460553383606,declared_major,1.9180000000000001,-0.030258196878787058,price_over_nav_net,2026-07-31,2026-07-31,aic-mir+aic-industry-overview,http://local/MIR2607.csv | http://local/AICIndustryOverview31Jul26.xlsx
GSF,GB00BG0P0V73,LSE,Gore Street Energy Storage,investment_trust,Renewable Energy Infrastructure,GBP,232350000.0,486530000.0,gross_assets,,,,-0.5224343822580313,mcap_over_gross_assets,,,aic-industry-overview,http://local/AICIndustryOverview31Jul26.xlsx
GV1O,GB00B4M2G812,LSE,Gresham House Renewable Energy VCT 1,VCT,VCT,GBP,1400000.0,3080000.0,gross_assets,,,,-0.5454545454545454,mcap_over_gross_assets,,,aic-industry-overview,http://local/AICIndustryOverview31Jul26.xlsx
GV2O,GB00B43GVJ82,LSE,Gresham House Renewable Energy VCT 2,VCT,VCT,GBP,1440000.0,3050000.0,gross_assets,,,,-0.5278688524590164,mcap_over_gross_assets,,,aic-industry-overview,http://local/AICIndustryOverview31Jul26.xlsx
GVCT,GB00BQD0HG35,LSE,Guinness VCT,VCT,VCT,GBP,16290000.0,17350000.0,gross_assets,,,,-0.061095100864553276,mcap_over_gross_assets,,,aic-industry-overview,http://local/AICIndustryOverview31Jul26.xlsx
HAN,,LSE,Hansa Investment Company (Ord),investment_trust,Flexible Investment,GBP,226310000.0,359784284.4,gross_assets,,,,-0.3709841985527258,mcap_over_gross_assets,,,aic-industry-overview,http://local/AICIndustryOverview31Jul26.xlsx
HANA,,LSE,Hansa Investment Company (A share),investment_trust,Flexible Investment,GBP,399610000.0,681990903.6,gross_assets,,,,-0.41405376832653695,mcap_over_gross_assets,,,aic-industry-overview,http://local/AICIndustryOverview31Jul26.xlsx
HFEL,JE00B1GXH751,LSE,Henderson Far East Income,investment_trust,Asia Pacific Equity Income,GBP,585040000.0,565612628.0,net_shareholders_funds,2.474249441093922,declared_major,2.565,0.03667801532005388,price_over_nav_net,2026-07-31,2026-07-31,aic-mir+aic-industry-overview,http://local/MIR2607.csv | http://local/AICIndustryOverview31Jul26.xlsx
HGT,GB00BJ0LT190,LSE,HgCapital Trust,investment_trust,Private Equity,GBP,1766680000.0,2399510000.0,gross_assets,,,,-0.2637330121566487,mcap_over_gross_assets,,,aic-industry-overview,http://local/AICIndustryOverview31Jul26.xlsx
HHI,GB0009580571,LSE,Henderson High Income Trust,investment_trust,UK Equity & Bond Income,GBP,347510000.0,367018884.5,net_shareholders_funds,2.165060360074783,declared_major,2.05,-0.05314418119539577,price_over_nav_net,2026-07-31,2026-07-31,aic-mir+aic-industry-overview,http://local/MIR2607.csv | http://local/AICIndustryOverview31Jul26.xlsx
HHV,GB00B02WHS05,LSE,Hargreave Hale AIM VCT,investment_trust,VCT AIM Quoted,GBP,114340000.0,121387783.0,net_shareholders_funds,0.3236647691860755,declared_major,0.306,-0.0545773617267562,price_over_nav_net,2026-07-31,2026-07-31,aic-mir+aic-industry-overview,http://local/MIR2607.csv | http://local/AICIndustryOverview31Jul26.xlsx
HICL,GB00BJLP1Y77,LSE,HICL Infrastructure,investment_trust,Infrastructure,GBP,2530340000.0,3331100000.0,gross_assets,,,,-0.24038906067064936,mcap_over_gross_assets,,,aic-industry-overview,http://local/AICIndustryOverview31Jul26.xlsx
HOME,GB00BJP5HK17,LSE,Home REIT,investment_trust,Property - UK Residential,GBP,75890000.0,389030000.0,gross_assets,,,,-0.8049250700460119,mcap_over_gross_assets,,,aic-industry-overview,http://local/AICIndustryOverview31Jul26.xlsx
HRI,GB0004228648,LSE,Herald Investment Trust,investment_trust,Global Smaller Companies,GBP,563550000.0,614953535.0,net_shareholders_funds,32.19079828480749,declared_major,29.5,-0.08358905116302817,price_over_nav_net,2026-07-31,2026-07-31,aic-mir+aic-industry-overview,http://local/MIR2607.csv | http://local/AICIndustryOverview31Jul26.xlsx
HSL,GB0009065060,LSE,Henderson Smaller Companies,investment_trust,UK Smaller Companies,GBP,518440000.00000006,558896095.6,net_shareholders_funds,10.273749555632872,declared_major,9.53,-0.07239319506529052,price_over_nav_net,2026-07-31,2026-07-31,aic-mir+aic-industry-overview,http://local/MIR2607.csv | http://local/AICIndustryOverview31Jul26.xlsx
HVPE,GG00BR30MJ80,LSE,HarbourVest Global Private Equity,investment_trust,Private Equity,GBP,2319350000.0,3339760000.0,gross_assets,,,,-0.3055339305818382,mcap_over_gross_assets,,,aic-industry-overview,http://local/AICIndustryOverview31Jul26.xlsx
HYG,GB0031256109,LSE,Seneca Growth Capital VCT,VCT,VCT,GBP,570000.0,640000.0,gross_assets,,,,-0.109375,mcap_over_gross_assets,,,aic-industry-overview,http://local/AICIndustryOverview31Jul26.xlsx
IAD,GB0004535307,LSE,Invesco Asia Dragon Trust,investment_trust,Asia Pacific Equity Income,GBP,960470000.0,1038066306.0,net_shareholders_funds,5.220239561405988,declared_major,4.83,-0.07475510593251067,price_over_nav_net,2026-07-31,2026-07-31,aic-mir+aic-industry-overview,http://local/MIR2607.csv | http://local/AICIndustryOverview31Jul26.xlsx
IBT,GB0004559349,LSE,International Biotechnology,investment_trust,Biotechnology & Healthcare,GBP,322860000.0,348562339.0,net_shareholders_funds,11.012042049694507,declared_major,10.2,-0.07374127759683191,price_over_nav_net,2026-07-31,2026-07-31,aic-mir+aic-industry-overview,http://local/MIR2607.csv | http://local/AICIndustryOverview31Jul26.xlsx
ICGT,GB0003292009,LSE,ICG Enterprise Trust,investment_trust,Private Equity,GBP,876100000.0,1369410000.0,gross_assets,,,,-0.3602354298566536,mcap_over_gross_assets,,,aic-industry-overview,http://local/AICIndustryOverview31Jul26.xlsx
IEM,GB0031232498,LSE,Impax Environmental Markets,investment_trust,Environmental,GBP,167870000.0,193790835.0,net_shareholders_funds,4.986999091695332,declared_major,4.32,-0.13374758636031459,price_over_nav_net,2026-07-31,2026-07-31,aic-mir+aic-industry-overview,http://local/MIR2607.csv | http://local/AICIndustryOverview31Jul26.xlsx
IGC,GB00B0P8RJ60,LSE,India Capital Growth Fund,investment_trust,India / Indian subcontinent,GBP,112280000.0,125520000.0,gross_assets,,,,-0.10548119821542379,mcap_over_gross_assets,,,aic-industry-overview,http://local/AICIndustryOverview31Jul26.xlsx
IGET,GB00B1DQ6472,LSE,Invesco Global Equity Income Trust,investment_trust,Global Equity Income,GBP,525590000.00000006,513107818.0,net_shareholders_funds,4.022125365895345,declared_major,4.12,0.02433405853894066,price_over_nav_net,2026-07-31,2026-07-31,aic-mir+aic-industry-overview,http://local/MIR2607.csv | http://local/AICIndustryOverview31Jul26.xlsx
III,GB00B1YW4409,LSE,3i Group,investment_trust,Private Equity,GBP,27983080000.0,31406800000.0,gross_assets,,,,-0.10901206108231343,mcap_over_gross_assets,,,aic-industry-overview,http://local/AICIndustryOverview31Jul26.xlsx
INOV,GB00BVG1CF25,LSE,Schroders Capital Global Innovation Trust,investment_trust,Growth Capital,GBP,108010000.0,137620000.0,gross_assets,,,,-0.21515768056968465,mcap_over_gross_assets,,,aic-industry-overview,http://local/AICIndustryOverview31Jul26.xlsx
INPP,GB00B188SR50,LSE,International Public Partnerships,investment_trust,Infrastructure,GBP,2543130000.0,2835820000.0,gross_assets,,,,-0.10321176943529564,mcap_over_gross_assets,,,aic-industry-overview,http://local/AICIndustryOverview31Jul26.xlsx
INV,GB00BV4FKD05,LSE,The Investment Company,investment_trust,Flexible Investment,GBP,10131707.25,10185743.022,gross_assets,,,,-0.0053050397877983935,mcap_over_gross_assets,,,aic-industry-overview,http://local/AICIndustryOverview31Jul26.xlsx
JAGI,GB0001320778,LSE,JPMorgan Asia Growth & Income,investment_trust,Asia Pacific Equity Income,GBP,375660000.0,389456467.0,net_shareholders_funds,5.784963631163676,declared_major,5.58,-0.035430409632920545,price_over_nav_net,2026-07-31,2026-07-31,aic-mir+aic-industry-overview,http://local/MIR2607.csv | http://local/AICIndustryOverview31Jul26.xlsx
JAM,GB00BKZGVH64,LSE,JPMorgan American,investment_trust,North America,GBP,1981130000.0,2045737936.0,net_shareholders_funds,12.391362399912772,declared_major,12.0,-0.03158348430803115,price_over_nav_net,2026-07-31,2026-07-31,aic-mir+aic-industry-overview,http://local/MIR2607.csv | http://local/AICIndustryOverview31Jul26.xlsx
JARA,GG00BWPKR307,LSE,JPMorgan Global Core Real Assets,investment_trust,Flexible Investment,GBP,22930000.0,27020000.0,gross_assets,,,,-0.15136935603256851,mcap_over_gross_assets,,,aic-industry-overview,http://local/AICIndustryOverview31Jul26.xlsx
JCGI,GB0003435012,LSE,JPMorgan China Growth & Income,investment_trust,China / Greater China,GBP,214140000.0,238801926.0,net_shareholders_funds,2.9942323500297596,declared_major,2.685,-0.10327600328901865,price_over_nav_net,2026-07-31,2026-07-31,aic-mir+aic-industry-overview,http://local/MIR2607.csv | http://local/AICIndustryOverview31Jul26.xlsx
JCH,GB0003422184,LSE,JPMorgan Claverhouse,investment_trust,UK Equity Income,GBP,529960000.00000006,527589620.0,net_shareholders_funds,9.696437815939905,declared_major,9.74,0.004492596651162195,price_over_nav_net,2026-07-31,2026-07-31,aic-mir+aic-industry-overview,http://local/MIR2607.csv | http://local/AICIndustryOverview31Jul26.xlsx
JEDT,GB00BMTS0Z37,LSE,JPMorgan European Discovery,investment_trust,European Smaller Companies,GBP,561960000.0,606952611.0,net_shareholders_funds,6.75041570014372,declared_major,6.25,-0.07413109390182682,price_over_nav_net,2026-07-31,2026-07-31,aic-mir+aic-industry-overview,http://local/MIR2607.csv | http://local/AICIndustryOverview31Jul26.xlsx
JEGI,GB00BPR9Y246,LSE,JPMorgan European Growth & Income,investment_trust,Europe,GBP,620030000.0,621903535.8,net_shareholders_funds,1.4724273710091584,declared_major,1.4680000000000002,-0.003006851880323236,price_over_nav_net,2026-07-31,2026-07-31,aic-mir+aic-industry-overview,http://local/MIR2607.csv | http://local/AICIndustryOverview31Jul26.xlsx
JEMA,GB0032164732,LSE,"JPMorgan Emerging Europe, Middle East & Africa",investment_trust,Global Emerging Markets,GBP,101290000.0,27199067.0,net_shareholders_funds,0.6726419184642979,declared_major,2.505,2.7241211575382347,price_over_nav_net,2026-07-31,2026-07-31,aic-mir+aic-industry-overview,http://local/MIR2607.csv | http://local/AICIndustryOverview31Jul26.xlsx
JEMI,GB00B5ZZY915,LSE,JPMorgan Emerging Markets Dividend Income,investment_trust,Global Emerging Markets,GBP,515159999.99999994,572266207.6,net_shareholders_funds,2.216141188743812,declared_major,1.995,-0.09978659747268304,price_over_nav_net,2026-07-31,2026-07-31,aic-mir+aic-industry-overview,http://local/MIR2607.csv | http://local/AICIndustryOverview31Jul26.xlsx
JFJ,GB0001740025,LSE,JPMorgan Japanese,investment_trust,Japan,GBP,1191990000.0,1281466197.0,net_shareholders_funds,8.482250490502466,declared_major,7.89,-0.06982232971846403,price_over_nav_net,2026-07-31,2026-07-31,aic-mir+aic-industry-overview,http://local/MIR2607.csv | http://local/AICIndustryOverview31Jul26.xlsx
JGGI,GB00BYMKY695,LSE,JPMorgan Global Growth & Income,investment_trust,Global Equity Income,GBP,3323440000.0,3380831994.0,net_shareholders_funds,6.195172382476069,declared_major,6.09,-0.01697650621854596,price_over_nav_net,2026-07-31,2026-07-31,aic-mir+aic-industry-overview,http://local/MIR2607.csv | http://local/AICIndustryOverview31Jul26.xlsx
JIGI,GB0003450359,LSE,JPMorgan India Growth & Income,investment_trust,India / Indian Subcontinent,GBP,384940000.0,418582525.0,net_shareholders_funds,9.590841097576218,declared_major,8.82,-0.08037262735705464,price_over_nav_net,2026-07-31,2026-07-31,aic-mir+aic-industry-overview,http://local/MIR2607.csv | http://local/AICIndustryOverview31Jul26.xlsx
JMGI,GB00BMXWN182,LSE,JPMorgan Emerging Markets Growth & Income,investment_trust,Global Emerging Markets,GBP,1522930000.0,1693175277.0,net_shareholders_funds,1.7988693437502068,declared_major,1.618,-0.10054612603110902,price_over_nav_net,2026-07-31,2026-07-31,aic-mir+aic-industry-overview,http://local/MIR2607.csv | http://local/AICIndustryOverview31Jul26.xlsx
JPEL,GG00BVPBWF31,LSE,JPEL Private Equity,investment_trust,Private Equity,GBP,15760000.0,17030000.0,gross_assets,,,,-0.0745742806811509,mcap_over_gross_assets,,,aic-industry-overview,http://local/AICIndustryOverview31Jul26.xlsx
JUGI,GB00BF7L8P11,LSE,JPMorgan UK Small Cap Growth & Income,investment_trust,UK Smaller Companies,GBP,413490000.0,450441619.0,net_shareholders_funds,3.731098122243237,declared_major,3.425,-0.08203968703433695,price_over_nav_net,2026-07-31,2026-07-31,aic-mir+aic-industry-overview,http://local/MIR2607.csv | http://local/AICIndustryOverview31Jul26.xlsx
JUSC,GB00BJL5F346,LSE,JPMorgan US Smaller Companies,investment_trust,North American Smaller Companies,GBP,211610000.0,233875935.9,net_shareholders_funds,4.774550182521315,declared_major,4.32,-0.09520272384722928,price_over_nav_net,2026-07-31,2026-07-31,aic-mir+aic-industry-overview,http://local/MIR2607.csv | http://local/AICIndustryOverview31Jul26.xlsx
JZCP,GG00BPNZ7G17,LSE,JZ Capital Partners,investment_trust,Private Equity,GBP,105560000.0,187360000.0,gross_assets,,,,-0.4365926558497011,mcap_over_gross_assets,,,aic-industry-overview,http://local/AICIndustryOverview31Jul26.xlsx
LBOW,GG00B8C23S81,LSE,ICG-Longbow Senior Secured UK Property Debt Investments,investment_trust,Property - Debt,GBP,15470000.0,20800000.0,gross_assets,,,,-0.25625,mcap_over_gross_assets,,,aic-industry-overview,http://local/AICIndustryOverview31Jul26.xlsx
LIVE,GB00BF0P7H59,LSE,Living REIT,investment_trust,Property - UK Residential,GBP,303420000.0,682490000.0,gross_assets,,,,-0.5554220574660435,mcap_over_gross_assets,,,aic-industry-overview,http://local/AICIndustryOverview31Jul26.xlsx
LMS,GB00B12MHD28,LSE,LMS Capital,investment_trust,Private Equity,GBP,12550000.0,26620000.0,gross_assets,,,,-0.52854996243426,mcap_over_gross_assets,,,aic-industry-overview,http://local/AICIndustryOverview31Jul26.xlsx
LSAA,GB00BF1Q4B05,LSE,Life Settlement Assets,investment_trust,Insurance & Reinsurance Strategies,GBP,55840000.0,71450000.0,gross_assets,,,,-0.21847445766270124,mcap_over_gross_assets,,,aic-industry-overview,http://local/AICIndustryOverview31Jul26.xlsx
LTI,GB00BNKDVV71,LSE,Lindsell Train Investment Trust,investment_trust,Global,GBP,116800000.0,141888679.0,net_shareholders_funds,7.09443395,declared_major,5.84,-0.17681945576503677,price_over_nav_net,2026-07-31,2026-07-31,aic-mir+aic-industry-overview,http://local/MIR2607.csv | http://local/AICIndustryOverview31Jul26.xlsx
LWDB,GB0031429219,LSE,Law Debenture Corporation,investment_trust,UK Equity Income,GBP,1667710000.0,1630689953.0,net_shareholders_funds,12.205227954900002,declared_major,12.42,0.017596725427301285,price_over_nav_net,2026-07-31,2026-07-31,aic-mir+aic-industry-overview,http://local/MIR2607.csv | http://local/AICIndustryOverview31Jul26.xlsx
LWI,GB00BNXGHS27,LSE,Lowland Investment Company,investment_trust,UK Equity Income,GBP,399620000.0,433054717.0,net_shareholders_funds,1.9777077972827792,declared_major,1.825,-0.07721453972755132,price_over_nav_net,2026-07-31,2026-07-31,aic-mir+aic-industry-overview,http://local/MIR2607.csv | http://local/AICIndustryOverview31Jul26.xlsx
MAJE,GB0005555221,LSE,Majedie Investments,investment_trust,Flexible Investment,GBP,171720000.0,178238736.0,net_shareholders_funds,3.3630714811534865,declared_major,3.24,-0.036594964407736685,price_over_nav_net,2026-07-31,2026-07-31,aic-mir+aic-industry-overview,http://local/MIR2607.csv | http://local/AICIndustryOverview31Jul26.xlsx
MAV4,GB00B043QW84,LSE,Maven Income and Growth VCT 4,VCT,VCT,GBP,81200000.0,85760000.0,gross_assets,,,,-0.05317164179104472,mcap_over_gross_assets,,,aic-industry-overview,http://local/AICIndustryOverview31Jul26.xlsx
MGCI,GB00BFYYL325,LSE,M&G Credit Income,investment_trust,Debt - Loans & Bonds,GBP,189240000.0,187090000.0,gross_assets,,,,0.011491795392591708,mcap_over_gross_assets,,,aic-industry-overview,http://local/AICIndustryOverview31Jul26.xlsx
MIG1,GB0004122858,LSE,Maven Income and Growth VCT,VCT,VCT,GBP,66060000.0,73660000.0,gross_assets,,,,-0.10317675807765414,mcap_over_gross_assets,,,aic-industry-overview,http://local/AICIndustryOverview31Jul26.xlsx
MIG3,GB0031153769,LSE,Maven Income and Growth VCT 3,VCT,VCT,GBP,63740000.0,66930000.00000001,gross_assets,,,,-0.04766173614223823,mcap_over_gross_assets,,,aic-industry-overview,http://local/AICIndustryOverview31Jul26.xlsx
MIG5,GB0002057536,LSE,Maven Income and Growth VCT 5,VCT,VCT,GBP,71150000.0,75280000.0,gross_assets,,,,-0.05486184909670566,mcap_over_gross_assets,,,aic-industry-overview,http://local/AICIndustryOverview31Jul26.xlsx
MIGO,GB0034365949,LSE,MIGO Opportunities Trust,investment_trust,Flexible Investment,GBP,69410000.0,72272484.0,net_shareholders_funds,4.258451235603695,declared_major,4.09,-0.03955692487337237,price_over_nav_net,2026-07-31,2026-07-31,aic-mir+aic-industry-overview,http://local/MIR2607.csv | http://local/AICIndustryOverview31Jul26.xlsx
MMIT,GB00BFZ7R980,LSE,Mobius Investment Trust,investment_trust,Global Emerging Markets,GBP,107730000.0,122382330.0,net_shareholders_funds,1.863008263862954,declared_major,1.64,-0.1197033143591889,price_over_nav_net,2026-07-31,2026-07-31,aic-mir+aic-industry-overview,http://local/MIR2607.csv | http://local/AICIndustryOverview31Jul26.xlsx
MNKS,GB0030517261,LSE,Monks Investment Trust,investment_trust,Global,GBP,2421560000.0,2514885659.0,net_shareholders_funds,16.388154162262353,declared_major,15.78,-0.03710937523780278,price_over_nav_net,2026-07-31,2026-07-31,aic-mir+aic-industry-overview,http://local/MIR2607.csv | http://local/AICIndustryOverview31Jul26.xlsx
MNL,GB0002258472,LSE,Manchester & London,investment_trust,Technology & Technology Innovation,GBP,361990000.0,429730000.0,gross_assets,,,,-0.15763386312335648,mcap_over_gross_assets,,,aic-industry-overview,http://local/AICIndustryOverview31Jul26.xlsx
MNTN,GG00BJ0CDD21,LSE,Schiehallion Fund,investment_trust,Growth Capital,USD,1494440000.0,2348882463.0,net_shareholders_funds,2.2891496060701195,declared_major,1.96,-0.14378684783087847,price_over_nav_net,2026-07-31,2026-07-31,aic-mir+aic-industry-overview,http://local/MIR2607.csv | http://local/AICIndustryOverview31Jul26.xlsx
MPO,GG00BGDYFV61,LSE,Macau Property Opportunities,investment_trust,Property - Rest of World,GBP,3850000.0,26439999.999999996,gross_assets,,,,-0.8543872919818457,mcap_over_gross_assets,,,aic-industry-overview,http://local/AICIndustryOverview31Jul26.xlsx
MRC,GB00BF4JDH58,LSE,Mercantile Investment Trust,investment_trust,UK All Companies,GBP,1746440000.0,1867914219.0,net_shareholders_funds,2.9573170820135886,declared_major,2.765,-0.06503093063076038,price_over_nav_net,2026-07-31,2026-07-31,aic-mir+aic-industry-overview,http://local/MIR2607.csv | http://local/AICIndustryOverview31Jul26.xlsx
MRCH,GB0005800072,LSE,Merchants Trust,investment_trust,UK Equity Income,GBP,983230000.0,1039017820.0,net_shareholders_funds,7.0378488205235055,declared_major,6.66,-0.05368811268318763,price_over_nav_net,2026-07-31,2026-07-31,aic-mir+aic-industry-overview,http://local/MIR2607.csv | http://local/AICIndustryOverview31Jul26.xlsx
MRV,GB00B641BB82,LSE,Maven Renovar VCT,VCT,VCT AIM Quoted,GBP,67090000.0,70700000.0,gross_assets,,,,-0.05106082036775106,mcap_over_gross_assets,,,aic-industry-overview,http://local/AICIndustryOverview31Jul26.xlsx
MTE,GB00BM8H3X05,LSE,Montanaro European Smaller Companies,investment_trust,European Smaller Companies,GBP,201540000.0,218293330.0,net_shareholders_funds,1.8846277646717466,declared_major,1.74,-0.07674075877627595,price_over_nav_net,2026-07-31,2026-07-31,aic-mir+aic-industry-overview,http://local/MIR2607.csv | http://local/AICIndustryOverview31Jul26.xlsx
MTU,GB00BZ1H9L86,LSE,Montanaro UK Smaller Companies,investment_trust,UK Smaller Companies,GBP,119440000.0,124980075.0,net_shareholders_funds,1.1249017297941404,declared_major,1.075,-0.044360968138321355,price_over_nav_net,2026-07-31,2026-07-31,aic-mir+aic-industry-overview,http://local/MIR2607.csv | http://local/AICIndustryOverview31Jul26.xlsx
MUT,GB0006111123,LSE,Murray Income Trust,investment_trust,UK Equity Income,GBP,951800000.0,1009138152.0,net_shareholders_funds,10.814471240895386,declared_major,10.2,-0.056819351330996026,price_over_nav_net,2026-07-31,2026-07-31,aic-mir+aic-industry-overview,http://local/MIR2607.csv | http://local/AICIndustryOverview31Jul26.xlsx
MVCT,GB0002867140,LSE,Molten Ventures VCT,VCT,VCT,GBP,117080000.0,130130000.0,gross_assets,,,,-0.10028433105356183,mcap_over_gross_assets,,,aic-industry-overview,http://local/AICIndustryOverview31Jul26.xlsx
MVI,,LSE,Marwyn Value Investors,investment_trust,UK Smaller Companies,GBP,77130000.0,138260000.0,gross_assets,,,,-0.44213800086793,mcap_over_gross_assets,,,aic-industry-overview,http://local/AICIndustryOverview31Jul26.xlsx
MWY,GB00B6VTTK07,LSE,Mid Wynd International,investment_trust,Global,GBP,208480000.0,214525856.0,net_shareholders_funds,7.923288469411077,declared_major,7.7,-0.028181287387567866,price_over_nav_net,2026-07-31,2026-07-31,aic-mir+aic-industry-overview,http://local/MIR2607.csv | http://local/AICIndustryOverview31Jul26.xlsx
MYI,GB00BQZCCB79,LSE,Murray International Trust,investment_trust,Global Equity Income,GBP,2194660000.0,2142448298.0,net_shareholders_funds,3.5973291655448842,declared_major,3.685,0.02437109044532937,price_over_nav_net,2026-07-31,2026-07-31,aic-mir+aic-industry-overview,http://local/MIR2607.csv | http://local/AICIndustryOverview31Jul26.xlsx
NAIT,GB00BJ00Z303,LSE,North American Income Trust,investment_trust,North America,GBP,502320000.0,509729349.0,net_shareholders_funds,4.444649317871937,declared_major,4.38,-0.014545426027646746,price_over_nav_net,2026-07-31,2026-07-31,aic-mir+aic-industry-overview,http://local/MIR2607.csv | http://local/AICIndustryOverview31Jul26.xlsx
NAS,GB00BRDXZ870,LSE,North Atlantic Smaller Companies,investment_trust,Global Smaller Companies,GBP,531890000.0,774230000.0,gross_assets,,,,-0.3130077625511799,mcap_over_gross_assets,,,aic-industry-overview,http://local/AICIndustryOverview31Jul26.xlsx
NAVF,GB00BKLGLS10,LSE,Nippon Active Value Fund,investment_trust,Japanese Smaller Companies,GBP,453910000.0,462734646.0,net_shareholders_funds,2.344693691669344,declared_major,2.3,-0.019061633435591196,price_over_nav_net,2026-07-31,2026-07-31,aic-mir+aic-industry-overview,http://local/MIR2607.csv | http://local/AICIndustryOverview31Jul26.xlsx
NBPE,GG00B1ZBD492,LSE,Neuberger Private Equity Partners,investment_trust,Private Equity,GBP,600420000.0,822470000.0,gross_assets,,,,-0.26997945213807195,mcap_over_gross_assets,,,aic-industry-overview,http://local/AICIndustryOverview31Jul26.xlsx
NCYF,JE00B1LZS514,LSE,CQS New City High Yield Fund,investment_trust,Debt - Loans & Bonds,GBP,347990000.0,324719508.0,net_shareholders_funds,0.4702999988161376,declared_major,0.504,0.07165639223621878,price_over_nav_net,2026-07-31,2026-07-31,aic-mir+aic-industry-overview,http://local/MIR2607.csv | http://local/AICIndustryOverview31Jul26.xlsx
NESF,GG00BJ0JVY01,LSE,NextEnergy Solar Fund,investment_trust,Renewable Energy Infrastructure,GBP,280990000.0,978220000.0,gross_assets,,,,-0.712753777268917,mcap_over_gross_assets,,,aic-industry-overview,http://local/AICIndustryOverview31Jul26.xlsx
NSI,GB0002631041,LSE,New Star Investment Trust,investment_trust,Flexible Investment,GBP,99080000.0,144550000.0,gross_assets,,,,-0.314562435143549,mcap_over_gross_assets,,,aic-industry-overview,http://local/AICIndustryOverview31Jul26.xlsx
NTN,GB0031152027,LSE,Northern 3 VCT,VCT,VCT,GBP,149130000.0,150180000.0,gross_assets,,,,-0.006991610067918486,mcap_over_gross_assets,,,aic-industry-overview,http://local/AICIndustryOverview31Jul26.xlsx
NTV,GB0005356430,LSE,Northern 2 VCT,VCT,VCT,GBP,144250000.0,145850000.0,gross_assets,,,,-0.01097017483716145,mcap_over_gross_assets,,,aic-industry-overview,http://local/AICIndustryOverview31Jul26.xlsx
NVT,GB0006450703,LSE,Northern Venture Trust,investment_trust,VCT,GBP,149110000.0,149890000.0,gross_assets,,,,-0.005203816131829964,mcap_over_gross_assets,,,aic-industry-overview,http://local/AICIndustryOverview31Jul26.xlsx
OAP3,GB00B17B3479,LSE,Octopus Apollo VCT,VCT,VCT,GBP,542290000.0,582890000.0,gross_assets,,,,-0.06965293623153601,mcap_over_gross_assets,,,aic-industry-overview,http://local/AICIndustryOverview31Jul26.xlsx
OCI,,LSE,Oakley Capital Investments,investment_trust,Private Equity,GBP,855170000.0,1286660000.0,gross_assets,,,,-0.3353566598790667,mcap_over_gross_assets,,,aic-industry-overview,http://local/AICIndustryOverview31Jul26.xlsx
OFG,GB00BNGFHX14,LSE,Octopus Future Generations VCT,VCT,VCT,GBP,48730000.0,51260000.0,gross_assets,,,,-0.04935622317596566,mcap_over_gross_assets,,,aic-industry-overview,http://local/AICIndustryOverview31Jul26.xlsx
OIG,GG00B3BTVQ94,LSE,Oryx International Growth,investment_trust,UK Smaller Companies,GBP,179200000.0,277340000.0,gross_assets,,,,-0.35386168601716306,mcap_over_gross_assets,,,aic-industry-overview,http://local/AICIndustryOverview31Jul26.xlsx
OIT,GB00BFFK7H57,LSE,Odyssean Investment Trust,investment_trust,UK Smaller Companies,GBP,321800000.0,316003042.0,net_shareholders_funds,2.1996470978640232,declared_major,2.24,0.01834517099363886,price_over_nav_net,2026-07-31,2026-07-31,aic-mir+aic-industry-overview,http://local/MIR2607.csv | http://local/AICIndustryOverview31Jul26.xlsx
ONWD,GG00BMZR1514,LSE,Onward Opportunities,investment_trust,UK Smaller Companies,GBP,42480000.0,44870000.0,gross_assets,,,,-0.053264987742366876,mcap_over_gross_assets,,,aic-industry-overview,http://local/AICIndustryOverview31Jul26.xlsx
OOA,GB0034202076,LSE,Octopus AIM VCT,VCT,VCT AIM Quoted,GBP,98770000.0,103480000.0,gross_assets,,,,-0.04551604174719748,mcap_over_gross_assets,,,aic-industry-overview,http://local/AICIndustryOverview31Jul26.xlsx
ORIT,GB00BJM02935,LSE,Octopus Renewables Infrastructure,investment_trust,Renewable Energy Infrastructure,GBP,328650000.0,916780000.0,gross_assets,,,,-0.6415170488012392,mcap_over_gross_assets,,,aic-industry-overview,http://local/AICIndustryOverview31Jul26.xlsx
OSEC,GB00B0JQZZ80,LSE,Octopus AIM VCT 2,VCT,VCT AIM Quoted,GBP,65950000.0,69020000.0,gross_assets,,,,-0.04447986090988121,mcap_over_gross_assets,,,aic-industry-overview,http://local/AICIndustryOverview31Jul26.xlsx
OT1,GB00BN73FM99,LSE,Oxford Technology 2 VCT - OT1 shares,VCT,VCT,GBP,1060000.0,2770000.0,gross_assets,,,,-0.6173285198555957,mcap_over_gross_assets,,,aic-industry-overview,http://local/AICIndustryOverview31Jul26.xlsx
OT3,GB00BN73FN07,LSE,Oxford Technology 2 VCT - OT3 shares,VCT,VCT,GBP,630000.0,1500000.0,gross_assets,,,,-0.5800000000000001,mcap_over_gross_assets,,,aic-industry-overview,http://local/AICIndustryOverview31Jul26.xlsx
OT4,GB00BN73FP21,LSE,Oxford Technology 2 VCT - OT4 shares,VCT,VCT,GBP,980000.0,2260000.0,gross_assets,,,,-0.5663716814159292,mcap_over_gross_assets,,,aic-industry-overview,http://local/AICIndustryOverview31Jul26.xlsx
OTV2,GB00B28V9347,LSE,Octopus Titan VCT,VCT,VCT,GBP,288440000.0,750040000.0,gross_assets,,,,-0.6154338435283452,mcap_over_gross_assets,,,aic-industry-overview,http://local/AICIndustryOverview31Jul26.xlsx
OVCT,GB00B1SN3863,LSE,Oberon AIM VCT,VCT,VCT AIM Quoted,GBP,1480000.0,1610000.0,gross_assets,,,,-0.08074534161490687,mcap_over_gross_assets,,,aic-industry-overview,http://local/AICIndustryOverview31Jul26.xlsx
OXH,GB0003105052,LSE,Oxford Technology 2 VCT - OT2 shares,VCT,VCT,GBP,450000.0,1030000.0,gross_assets,,,,-0.5631067961165048,mcap_over_gross_assets,,,aic-industry-overview,http://local/AICIndustryOverview31Jul26.xlsx
PAC,GB0006674385,LSE,Pacific Assets Trust,investment_trust,Asia Pacific,GBP,470860000.0,511112477.0,net_shareholders_funds,4.473142506841723,declared_major,4.12,-0.078947296291497,price_over_nav_net,2026-07-31,2026-07-31,aic-mir+aic-industry-overview,http://local/MIR2607.csv | http://local/AICIndustryOverview31Jul26.xlsx
PAIM,GB00BRC89928,LSE,Puma AIM VCT,VCT,VCT AIM Quoted,GBP,9200000.0,8870000.0,gross_assets,,,,0.03720405862457721,mcap_over_gross_assets,,,aic-industry-overview,http://local/AICIndustryOverview31Jul26.xlsx
PCFT,GB00B9XQT119,LSE,Polar Capital Global Financials,investment_trust,Financials & Financial Innovation,GBP,387030000.0,397729230.0,net_shareholders_funds,2.5331355089493583,declared_major,2.465,-0.02689769604059533,price_over_nav_net,2026-07-31,2026-07-31,aic-mir+aic-industry-overview,http://local/MIR2607.csv | http://local/AICIndustryOverview31Jul26.xlsx
PCGH,GB00B6832P16,LSE,Polar Capital Global Healthcare,investment_trust,Biotechnology & Healthcare,GBP,454210000.0,445317783.0,net_shareholders_funds,4.294289132111861,declared_major,4.38,0.019959268053753032,price_over_nav_net,2026-07-31,2026-07-31,aic-mir+aic-industry-overview,http://local/MIR2607.csv | http://local/AICIndustryOverview31Jul26.xlsx
PCT,GB00BR3YV268,LSE,Polar Capital Technology,investment_trust,Technology & Technology Innovation,GBP,6928590000.0,7531604415.0,net_shareholders_funds,6.8102608440769385,declared_major,6.265,-0.08006460494845313,price_over_nav_net,2026-07-31,2026-07-31,aic-mir+aic-industry-overview,http://local/MIR2607.csv | http://local/AICIndustryOverview31Jul26.xlsx
PEMB,GB00BQVC9S79,LSE,Pembroke VCT B shares,VCT,VCT,GBP,269200000.0,291050000.0,gross_assets,,,,-0.07507301151004986,mcap_over_gross_assets,,,aic-industry-overview,http://local/AICIndustryOverview31Jul26.xlsx
PEY,GG00B28C2R28,LSE,Partners Group Private Equity,investment_trust,Private Equity,GBP,398590000.0,716690000.0,gross_assets,,,,-0.44384601431581294,mcap_over_gross_assets,,,aic-industry-overview,http://local/AICIndustryOverview31Jul26.xlsx
PGOO,GB00B5B7YS03,LSE,ProVen Growth and Income VCT,VCT,VCT,GBP,145320000.0,152560000.0,gross_assets,,,,-0.047456738332459336,mcap_over_gross_assets,,,aic-industry-overview,http://local/AICIndustryOverview31Jul26.xlsx
PGV,GB00BL690L89,LSE,PXN Growth VCT,VCT,VCT,GBP,10790000.0,10650000.0,gross_assets,,,,0.013145539906103343,mcap_over_gross_assets,,,aic-industry-overview,http://local/AICIndustryOverview31Jul26.xlsx
PHI,GB0006667470,LSE,Pacific Horizon Investment Trust,investment_trust,Asia Pacific,GBP,822050000.0,918988069.0,net_shareholders_funds,11.805194509739964,declared_major,10.56,-0.10547852546712433,price_over_nav_net,2026-07-31,2026-07-31,aic-mir+aic-industry-overview,http://local/MIR2607.csv | http://local/AICIndustryOverview31Jul26.xlsx
PIN,GB00BP37WF17,LSE,Pantheon International,investment_trust,Private Equity,GBP,1549170000.0,2296840000.0,gross_assets,,,,-0.3255211507984883,mcap_over_gross_assets,,,aic-industry-overview,http://local/AICIndustryOverview31Jul26.xlsx
PINT,GB00BLNNFL88,LSE,Pantheon Infrastructure,investment_trust,Infrastructure,GBP,526730000.0,591770000.0,gross_assets,,,,-0.10990756543927538,mcap_over_gross_assets,,,aic-industry-overview,http://local/AICIndustryOverview31Jul26.xlsx
PNL,GB00BM8B5H06,LSE,Personal Assets Trust,investment_trust,Flexible Investment,GBP,1678190000.0,1684842947.0,net_shareholders_funds,5.471612838102987,declared_major,5.45,-0.003949994040601812,price_over_nav_net,2026-07-31,2026-07-31,aic-mir+aic-industry-overview,http://local/MIR2607.csv | http://local/AICIndustryOverview31Jul26.xlsx
PPET,GB0030474687,LSE,Patria Private Equity Trust,investment_trust,Private Equity,GBP,897700000.0,1490820000.0000002,gross_assets,,,,-0.3978481640976108,mcap_over_gross_assets,,,aic-industry-overview,http://local/AICIndustryOverview31Jul26.xlsx
PSDL,JE00BT7JKP71,LSE,Phoenix Spree Deutschland,investment_trust,Property - Europe,GBP,135990000.0,460520000.0,gross_assets,,,,-0.7047033787891948,mcap_over_gross_assets,,,aic-industry-overview,http://local/AICIndustryOverview31Jul26.xlsx
PSH,GG00BPFJTF46,LSE,Pershing Square Holdings,investment_trust,North America,GBP,6606690000.0,11776250000.0,gross_assets,,,,-0.43898184906060933,mcap_over_gross_assets,,,aic-industry-overview,http://local/AICIndustryOverview31Jul26.xlsx
PU13,GB00BD5B1L68,LSE,Puma VCT 13,VCT,VCT,GBP,242310000.0,253120000.0,gross_assets,,,,-0.0427070164348925,mcap_over_gross_assets,,,aic-industry-overview,http://local/AICIndustryOverview31Jul26.xlsx
PUAL,GB00BGMG7F10,LSE,Puma Alpha VCT,VCT,VCT,GBP,29840000.0,30800000.0,gross_assets,,,,-0.03116883116883118,mcap_over_gross_assets,,,aic-industry-overview,http://local/AICIndustryOverview31Jul26.xlsx
PVN,GB00B8GH9P84,LSE,ProVen VCT,VCT,VCT,GBP,170270000.0,177740000.0,gross_assets,,,,-0.042027680882187446,mcap_over_gross_assets,,,aic-industry-overview,http://local/AICIndustryOverview31Jul26.xlsx
RCOI,GB00BRBWLX34,LSE,Riverstone Credit Opportunities Income,investment_trust,Debt - Direct Lending,GBP,20380000.0,24800000.0,gross_assets,,,,-0.1782258064516129,mcap_over_gross_assets,,,aic-industry-overview,http://local/AICIndustryOverview31Jul26.xlsx
RCP,GB0007366395,LSE,RIT Capital Partners,investment_trust,Flexible Investment,GBP,3201630000.0,4317059999.999999,gross_assets,,,,-0.25837722894747794,mcap_over_gross_assets,,,aic-industry-overview,http://local/AICIndustryOverview31Jul26.xlsx
RECI,GB00B0HW5366,LSE,Real Estate Credit Investments,investment_trust,Property - Debt,GBP,260829999.99999997,405540000.0,gross_assets,,,,-0.35683286482221244,mcap_over_gross_assets,,,aic-industry-overview,http://local/AICIndustryOverview31Jul26.xlsx
RESI,GB00BYSX1508,LSE,Residential Secure Income REIT,investment_trust,Property - UK Residential,GBP,50890000.0,347400000.0,gross_assets,,,,-0.8535118019573978,mcap_over_gross_assets,,,aic-industry-overview,http://local/AICIndustryOverview31Jul26.xlsx
RGL,GG00BSY2LD72,LSE,Regional REIT,investment_trust,Property - UK Commercial,GBP,159330000.0,705090000.0,gross_assets,,,,-0.7740288473811854,mcap_over_gross_assets,,,aic-industry-overview,http://local/AICIndustryOverview31Jul26.xlsx
RICA,GB00B018CS46,LSE,Ruffer Investment Company,investment_trust,Flexible Investment,GBP,868190000.0,900580000.0,gross_assets,,,,-0.03596571098625334,mcap_over_gross_assets,,,aic-industry-overview,http://local/AICIndustryOverview31Jul26.xlsx
RIII,GB0007392078,LSE,Rights & Issues Investment Trust,investment_trust,UK Smaller Companies,GBP,107710000.0,135190000.0,gross_assets,,,,-0.20326947259412675,mcap_over_gross_assets,,,aic-industry-overview,http://local/AICIndustryOverview31Jul26.xlsx
RKW,GB00BRRD5L66,LSE,Rockwood Strategic,investment_trust,UK Smaller Companies,GBP,192880000.0,189659081.0,net_shareholders_funds,3.1071909226203154,declared_major,3.16,0.016995761990431735,price_over_nav_net,2026-07-31,2026-07-31,aic-mir+aic-industry-overview,http://local/MIR2607.csv | http://local/AICIndustryOverview31Jul26.xlsx
RMII,GB00BYMTBG55,LSE,RM Infrastructure Income,investment_trust,Debt - Direct Lending,GBP,29090000.0,57410000.0,gross_assets,,,,-0.4932938512454276,mcap_over_gross_assets,,,aic-industry-overview,http://local/AICIndustryOverview31Jul26.xlsx
RMMC,GG00BNDMJP11,LSE,River UK Micro Cap,investment_trust,UK Smaller Companies,GBP,75200000.0,88380000.0,gross_assets,,,,-0.14912876216338533,mcap_over_gross_assets,,,aic-industry-overview,http://local/AICIndustryOverview31Jul26.xlsx
RNEW,GB00BLPK4430,LSE,Ecofin US Renewables Infrastructure,investment_trust,Renewable Energy Infrastructure,GBP,15190000.0,109050000.00000001,gross_assets,,,,-0.8607060981201284,mcap_over_gross_assets,,,aic-industry-overview,http://local/AICIndustryOverview31Jul26.xlsx
RSE,GG00BWZ6KH33,LSE,Riverstone Energy,investment_trust,Commodities & Natural Resources,GBP,28400000.0,58300000.0,gross_assets,,,,-0.5128644939965694,mcap_over_gross_assets,,,aic-industry-overview,http://local/AICIndustryOverview31Jul26.xlsx
RTW,GG00BKTRRM22,LSE,RTW Biotech Opportunities,investment_trust,Healthcare & Biotechnology,GBP,591590000.0,685000000.0,gross_assets,,,,-0.13636496350364968,mcap_over_gross_assets,,,aic-industry-overview,http://local/AICIndustryOverview31Jul26.xlsx
SAIN,GB0007873697,LSE,Scottish American,investment_trust,Global Equity Income,GBP,807920000.0,832995121.0,net_shareholders_funds,5.722247925928865,declared_major,5.55,-0.03010144407556503,price_over_nav_net,2026-07-31,2026-07-31,aic-mir+aic-industry-overview,http://local/MIR2607.csv | http://local/AICIndustryOverview31Jul26.xlsx
SBO,GB00BN7JZR28,LSE,Schroder British Opportunities,investment_trust,Growth Capital,GBP,49330000.0,79169978.0,net_shareholders_funds,1.0713122868741543,declared_major,0.6675,-0.37693237706848925,price_over_nav_net,2026-07-31,2026-07-31,aic-mir+aic-industry-overview,http://local/MIR2607.csv | http://local/AICIndustryOverview31Jul26.xlsx
SBSI,GB00BF781319,LSE,Schroder BSC Social Impact,investment_trust,Flexible Investment,GBP,60080000.0,80600000.0,gross_assets,,,,-0.254590570719603,mcap_over_gross_assets,,,aic-industry-overview,http://local/AICIndustryOverview31Jul26.xlsx
SCF,GB0007915860,LSE,Schroder Income Growth Fund,investment_trust,UK Equity Income,GBP,241820000.0,256526229.0,net_shareholders_funds,3.9265171505896337,declared_major,3.7,-0.05768907708848747,price_over_nav_net,2026-07-31,2026-07-31,aic-mir+aic-industry-overview,http://local/MIR2607.csv | http://local/AICIndustryOverview31Jul26.xlsx
SCP,GB0006108418,LSE,Schroder UK Mid Cap Fund,investment_trust,UK All Companies,GBP,246950000.0,169139421.0,net_shareholders_funds,7.874131021445046,declared_major,7.5,-0.04751394413251531,price_over_nav_net,2026-07-31,2026-07-31,aic-mir+aic-industry-overview,http://local/MIR2607.csv | http://local/AICIndustryOverview31Jul26.xlsx
SDP,GB0007918872,LSE,Schroder AsiaPacific Fund,investment_trust,Asia Pacific,GBP,990170000.0,1140907030.0,net_shareholders_funds,9.11416072222117,declared_major,7.91,-0.1321197594513902,price_over_nav_net,2026-07-31,2026-07-31,aic-mir+aic-industry-overview,http://local/MIR2607.csv | http://local/AICIndustryOverview31Jul26.xlsx
SDV,GB0006615826,LSE,Chelverton UK Dividend Trust,investment_trust,UK Equity Income,GBP,31880000.0,34151603.0,net_shareholders_funds,1.5212295322939866,declared_major,1.42,-0.06654454843598412,price_over_nav_net,2026-07-31,2026-07-31,aic-mir+aic-industry-overview,http://local/MIR2607.csv | http://local/AICIndustryOverview31Jul26.xlsx
SEC,GB00B0BDCB21,LSE,Strategic Equity Capital,investment_trust,UK Smaller Companies,GBP,122300000.0,130960243.0,net_shareholders_funds,3.8762947758056314,declared_major,3.62,-0.06611849475569465,price_over_nav_net,2026-07-31,2026-07-31,aic-mir+aic-industry-overview,http://local/MIR2607.csv | http://local/AICIndustryOverview31Jul26.xlsx
SEIT,GB00BGHVZM47,LSE,SDCL Efficiency Income,investment_trust,Renewable Energy Infrastructure,GBP,420600000.0,1060200000.0,gross_assets,,,,-0.6032823995472552,mcap_over_gross_assets,,,aic-industry-overview,http://local/AICIndustryOverview31Jul26.xlsx
SEQI,GG00BV54HY67,LSE,Sequoia Economic Infrastructure Income,investment_trust,Infrastructure,GBP,1267780000.0,1447970000.0,gross_assets,,,,-0.12444318597761006,mcap_over_gross_assets,,,aic-industry-overview,http://local/AICIndustryOverview31Jul26.xlsx
SERE,GB00BY7R8K77,LSE,Schroder European Real Estate,investment_trust,Property - Europe,GBP,83310000.0,187260000.0,gross_assets,,,,-0.5551105414931112,mcap_over_gross_assets,,,aic-industry-overview,http://local/AICIndustryOverview31Jul26.xlsx
SHIP,GG00BSFVPB94,LSE,Tufton Assets,investment_trust,Leasing,GBP,268250000.0,310020000.0,gross_assets,,,,-0.13473324301657963,mcap_over_gross_assets,,,aic-industry-overview,http://local/AICIndustryOverview31Jul26.xlsx
SIHL,VGG548121059,LSE,Symphony International Holdings,investment_trust,Private Equity,GBP,150680000.0,304910000.0,gross_assets,,,,-0.5058213899183366,mcap_over_gross_assets,,,aic-industry-overview,http://local/AICIndustryOverview31Jul26.xlsx
SJG,GB0008022849,LSE,Schroder Japan Trust,investment_trust,Japan,GBP,424270000.0,462699211.0,net_shareholders_funds,4.067846189928054,declared_major,3.73,-0.08305284274625668,price_over_nav_net,2026-07-31,2026-07-31,aic-mir+aic-industry-overview,http://local/MIR2607.csv | http://local/AICIndustryOverview31Jul26.xlsx
SMIF,GG00BJVDZ946,LSE,TwentyFour Select Monthly Income,investment_trust,Debt - Loans & Bonds,GBP,312190000.0,306080000.0,gross_assets,,,,0.01996210141139576,mcap_over_gross_assets,,,aic-industry-overview,http://local/AICIndustryOverview31Jul26.xlsx
SMT,GB00BLDYK618,LSE,Scottish Mortgage Investment Trust,investment_trust,Global,GBP,14252610000.0,15123287201.0,net_shareholders_funds,14.11779145341529,declared_major,13.305,-0.057572139105275144,price_over_nav_net,2026-07-31,2026-07-31,aic-mir+aic-industry-overview,http://local/MIR2607.csv | http://local/AICIndustryOverview31Jul26.xlsx
SOI,GB00B0CRWN59,LSE,Schroder Oriental Income,investment_trust,Asia Pacific Equity Income,GBP,979670000.0,1024898557.0,net_shareholders_funds,4.624067610541754,declared_major,4.42,-0.04413162343831856,price_over_nav_net,2026-07-31,2026-07-31,aic-mir+aic-industry-overview,http://local/MIR2607.csv | http://local/AICIndustryOverview31Jul26.xlsx
SREI,GB00B01HM147,LSE,Schroder Real Estate,investment_trust,Property - UK Commercial,GBP,218140000.0,477900000.0,gross_assets,,,,-0.543544674618121,mcap_over_gross_assets,,,aic-industry-overview,http://local/AICIndustryOverview31Jul26.xlsx
SSIC,GB00BW6HS596,LSE,Seraphim Space Investment Trust C shares,investment_trust,Growth Capital,GBP,91670000.0,133780000.0,gross_assets,,,,-0.3147705187621468,mcap_over_gross_assets,,,aic-industry-overview,http://local/AICIndustryOverview31Jul26.xlsx
SSIT,GB00BKPG0138,LSE,Seraphim Space Investment Trust,investment_trust,Growth Capital,GBP,362440000.0,421340000.0,gross_assets,,,,-0.13979209189728015,mcap_over_gross_assets,,,aic-industry-overview,http://local/AICIndustryOverview31Jul26.xlsx
SST,GB00BRBL6574,LSE,Scottish Oriental Smaller Companies,investment_trust,Asia Pacific Smaller Companies,GBP,284940000.0,317675584.0,net_shareholders_funds,2.8540874922944046,declared_major,2.56,-0.10304081184910951,price_over_nav_net,2026-07-31,2026-07-31,aic-mir+aic-industry-overview,http://local/MIR2607.csv | http://local/AICIndustryOverview31Jul26.xlsx
STS,GB00B09G3N23,LSE,STS Global Income & Growth Trust,investment_trust,Global Equity Income,GBP,249730000.0,253501942.0,net_shareholders_funds,2.3246306948946502,declared_major,2.29,-0.014897288834181732,price_over_nav_net,2026-07-31,2026-07-31,aic-mir+aic-industry-overview,http://local/MIR2607.csv | http://local/AICIndustryOverview31Jul26.xlsx
SURE,GB00BYWYZ460,LSE,Sure Ventures,investment_trust,Technology & Technology Innovation,GBP,2580000.0,9569999.999999998,gross_assets,,,,-0.7304075235109717,mcap_over_gross_assets,,,aic-industry-overview,http://local/AICIndustryOverview31Jul26.xlsx
SVCT,GB00BG13MH08,LSE,Seneca Growth Capital VCT B shares,VCT,VCT,GBP,10990000.0,10680000.0,gross_assets,,,,0.029026217228464324,mcap_over_gross_assets,,,aic-industry-overview,http://local/AICIndustryOverview31Jul26.xlsx
SYNC,GG00B8P59C08,LSE,Syncona,investment_trust,Healthcare & Biotechnology,GBP,647130000.0,1037589999.9999999,gross_assets,,,,-0.3763143438159581,mcap_over_gross_assets,,,aic-industry-overview,http://local/AICIndustryOverview31Jul26.xlsx
TEM,GB00BKPG0S09,LSE,Templeton Emerging Markets,investment_trust,Global Emerging Markets,GBP,2808740000.0,3117044651.0,net_shareholders_funds,3.384783599376662,declared_major,3.05,-0.0989084204491879,price_over_nav_net,2026-07-31,2026-07-31,aic-mir+aic-industry-overview,http://local/MIR2607.csv | http://local/AICIndustryOverview31Jul26.xlsx
TFG,GG00B1RMC548,LSE,Tetragon Financial Group,investment_trust,Flexible Investment,GBP,793230000.0,2561090000.0,gross_assets,,,,-0.6902764057491146,mcap_over_gross_assets,,,aic-industry-overview,http://local/AICIndustryOverview31Jul26.xlsx
TFIF,GG00B90J5Z95,LSE,TwentyFour Income Fund,investment_trust,Debt - Structured Finance,GBP,996420000.0,972060000.0,gross_assets,,,,0.025060181470279552,mcap_over_gross_assets,,,aic-industry-overview,http://local/AICIndustryOverview31Jul26.xlsx
THRL,GB00BJGTLF51,LSE,Target Healthcare REIT,investment_trust,Property - UK Healthcare,GBP,702110000.0,988089999.9999999,gross_assets,,,,-0.2894270764808873,mcap_over_gross_assets,,,aic-industry-overview,http://local/AICIndustryOverview31Jul26.xlsx
TMPL,GB00BMV92D64,LSE,Temple Bar Investment Trust,investment_trust,UK Equity Income,GBP,1282560000.0,1252636763.0,net_shareholders_funds,4.097140698387539,declared_major,4.195,0.02388477936600375,price_over_nav_net,2026-07-31,2026-07-31,aic-mir+aic-industry-overview,http://local/MIR2607.csv | http://local/AICIndustryOverview31Jul26.xlsx
TORO,GG00BWBSDM98,LSE,Chenavari Toro Income Fund,investment_trust,Debt - Structured Finance,GBP,149560000.0,152350000.0,gross_assets,,,,-0.018313094847390854,mcap_over_gross_assets,,,aic-industry-overview,http://local/AICIndustryOverview31Jul26.xlsx
TPV,GB00BDTYGZ09,LSE,Triple Point Venture VCT Venture shares,VCT,VCT,GBP,113740000.0,123300000.0,gross_assets,,,,-0.07753446877534464,mcap_over_gross_assets,,,aic-industry-overview,http://local/AICIndustryOverview31Jul26.xlsx
TRIG,GG00BBHX2H91,LSE,Renewables Infrastructure Group,investment_trust,Renewable Energy Infrastructure,GBP,1776390000.0,2710180000.0,gross_assets,,,,-0.34454907054144,mcap_over_gross_assets,,,aic-industry-overview,http://local/AICIndustryOverview31Jul26.xlsx
TRY,GB0009064097,LSE,TR Property Investment Trust,investment_trust,Property Securities,GBP,1009180000.0,1109247830.0,net_shareholders_funds,3.4953345031422307,declared_major,3.18,-0.09021582994667654,price_over_nav_net,2026-07-31,2026-07-31,aic-mir+aic-industry-overview,http://local/MIR2607.csv | http://local/AICIndustryOverview31Jul26.xlsx
UAV,GB00B1RTFN43,LSE,Unicorn AIM VCT,investment_trust,VCT AIM Quoted,GBP,173840000.0,200842751.0,net_shareholders_funds,0.7856137389490746,declared_major,0.68,-0.13443468935555458,price_over_nav_net,2026-07-31,2026-07-31,aic-mir+aic-industry-overview,http://local/MIR2607.csv | http://local/AICIndustryOverview31Jul26.xlsx
UEM,GB00BD45S967,LSE,Utilico Emerging Markets Trust,investment_trust,Global Emerging Markets,GBP,496160000.0,546462000.0,net_shareholders_funds,3.160998426904921,declared_major,2.87,-0.0920590230061743,price_over_nav_net,2026-07-31,2026-07-31,aic-mir+aic-industry-overview,http://local/MIR2607.csv | http://local/AICIndustryOverview31Jul26.xlsx
UKW,GB00B8SC6K54,LSE,Greencoat UK Wind,investment_trust,Renewable Energy Infrastructure,GBP,2414240000.0,4014450000.0,gross_assets,,,,-0.3986125122993187,mcap_over_gross_assets,,,aic-industry-overview,http://local/AICIndustryOverview31Jul26.xlsx
USA,GB00BDFGHW41,LSE,Baillie Gifford US Growth,investment_trust,North America,GBP,847540000.0,923009529.0,net_shareholders_funds,3.3354914270082396,declared_major,3.06,-0.0825939544552633,price_over_nav_net,2026-07-31,2026-07-31,aic-mir+aic-industry-overview,http://local/MIR2607.csv | http://local/AICIndustryOverview31Jul26.xlsx
USF,GB00BJCWFX49,LSE,US Solar Fund,investment_trust,Renewable Energy Infrastructure,GBP,81890000.0,292890000.0,gross_assets,,,,-0.7204069787292158,mcap_over_gross_assets,,,aic-industry-overview,http://local/AICIndustryOverview31Jul26.xlsx
UTL,,LSE,UIL,investment_trust,Flexible Investment,GBP,177190000.0,311931000.00000006,gross_assets,,,,-0.4319577085958114,mcap_over_gross_assets,,,aic-industry-overview,http://local/AICIndustryOverview31Jul26.xlsx
VEIL,,LSE,Vietnam Enterprise Investments,investment_trust,Country Specialist,GBP,869530000.0,982080000.0,gross_assets,,,,-0.11460369827305317,mcap_over_gross_assets,,,aic-industry-overview,http://local/AICIndustryOverview31Jul26.xlsx
VIP,GB0008484718,LSE,Value and Indexed Property Income Trust,investment_trust,Property - UK Commercial,GBP,90240000.0,142970000.0,gross_assets,,,,-0.368818633279709,mcap_over_gross_assets,,,aic-industry-overview,http://local/AICIndustryOverview31Jul26.xlsx
VNH,GG00BJQZ9H10,LSE,VietNam Holding,investment_trust,Country Specialist,GBP,57960000.0,64870000.00000001,gross_assets,,,,-0.10652073377524285,mcap_over_gross_assets,,,aic-industry-overview,http://local/AICIndustryOverview31Jul26.xlsx
VOF,GG00BYXVT888,LSE,VinaCapital Vietnam Opportunity,investment_trust,Country Specialist,GBP,514990000.0,634790000.0,gross_assets,,,,-0.18872382992800774,mcap_over_gross_assets,,,aic-industry-overview,http://local/AICIndustryOverview31Jul26.xlsx
VSL,GB00BVG6X439,LSE,VPC Specialty Lending Investments,investment_trust,Debt - Direct Lending,GBP,30470000.0,61840000.0,gross_assets,,,,-0.5072768434670116,mcap_over_gross_assets,,,aic-industry-overview,http://local/AICIndustryOverview31Jul26.xlsx
VTA,GG00B1GHHH78,LSE,Volta Finance,investment_trust,Debt - Structured Finance,GBP,187000000.0,209230000.0,gross_assets,,,,-0.10624671414233144,mcap_over_gross_assets,,,aic-industry-overview,http://local/AICIndustryOverview31Jul26.xlsx
WINV,GG00BHXH0C87,LSE,Worsley Investors,investment_trust,UK Smaller Companies,GBP,9580000.0,15930000.0,gross_assets,,,,-0.3986189579409919,mcap_over_gross_assets,,,aic-industry-overview,http://local/AICIndustryOverview31Jul26.xlsx
WWH,GB00BN455J50,LSE,Worldwide Healthcare Trust,investment_trust,Biotechnology & Healthcare,GBP,1348590000.0,1437482204.0,net_shareholders_funds,4.007828798712818,declared_major,3.76,-0.06183617393847074,price_over_nav_net,2026-07-31,2026-07-31,aic-mir+aic-industry-overview,http://local/MIR2607.csv | http://local/AICIndustryOverview31Jul26.xlsx
WWW,GG00BL594H32,LSE,SuperSeed Capital,investment_trust,Technology & Technology Innovation,GBP,1560000.0,2190000.0,gross_assets,,,,-0.28767123287671237,mcap_over_gross_assets,,,aic-industry-overview,http://local/AICIndustryOverview31Jul26.xlsx
